"gene","CountsOverlap","CountsProtCodOverlap"
"DPM1",2,1
"CFH",0,0
"GCLC",2,0
"LAS1L",0,0
"CFTR",5,1
"KRIT1",3,0
"MAD1L1",2,1
"CYP26B1",0,0
"ALS2",1,0
"CASP10",3,0
"PLXND1",1,0
"AK2",1,0
"KDM1A",3,0
"VPS50",0,0
"ZMYND10",1,0
"ARX",0,0
"SLC25A13",3,0
"SLC4A1",2,1
"CALCR",2,0
"HCCS",2,1
"HOXA11",1,0
"MEOX1",0,0
"LIG3",1,1
"MSL3",0,0
"CREBBP",1,0
"TSPOAP1",1,0
"MPO",0,0
"PON1",3,1
"ABCB4",0,0
"KMT2E",3,0
"FBXL3",1,1
"ITGA3",0,0
"LAMP2",0,0
"ITGA2B",0,0
"CRLF1",3,1
"TMEM98",0,0
"ABCC8",1,0
"CACNA1G",3,0
"DLX6",1,0
"RALA",1,0
"AGK",1,1
"USH1C",0,0
"TBXA2R",0,0
"IFRD1",2,0
"COX10",1,0
"GTF2IRD1",2,0
"VPS41",0,0
"ELAC2",0,0
"PROM1",2,1
"PAFAH1B1",3,1
"DNAH9",3,0
"CD79B",0,0
"SCN4A",0,0
"PAX6",1,0
"CACNA2D2",1,0
"PIGQ",1,0
"FMO3",1,0
"PSMB1",1,0
"SYN1",3,1
"CDKL5",2,1
"TFAP2B",0,0
"DLEC1",3,0
"ADAM22",0,0
"CYB561",0,0
"AASS",1,0
"CRY1",1,0
"NFIX",2,0
"PKD1",8,1
"RHOBTB2",3,1
"RPS20",1,0
"REV3L",4,0
"PAX7",0,0
"MASP2",0,0
"IYD",1,0
"POMT2",1,0
"MLXIPL",0,0
"BAZ1B",1,0
"SPRTN",1,1
"METTL13",1,0
"UQCRC1",0,0
"NCAPD2",3,1
"FUZ",2,1
"IDS",5,0
"CD4",0,0
"BTK",0,0
"HFE",0,0
"HIVEP2",2,0
"CLCN6",2,1
"MKS1",1,1
"ABHD5",1,1
"ANOS1",0,0
"RNF216",1,1
"TTC19",4,1
"LARS2",1,0
"PIK3C2A",4,1
"ANLN",1,1
"DCN",0,0
"TYROBP",0,0
"GABRA3",5,0
"BRCA1",6,0
"ERCC1",2,1
"MBTPS2",2,0
"PRICKLE3",1,1
"EXTL3",1,0
"NR1H4",1,0
"ELOVL5",2,0
"ALOX5",1,0
"KDM5D",0,0
"UBR7",1,0
"SLC7A14",2,1
"CLDN11",6,1
"PGM3",2,1
"POLR3B",1,0
"DDX11",2,0
"MAMLD1",1,0
"CAPN1",1,1
"MDH1",1,1
"SLC30A9",1,0
"COX15",1,1
"CCDC88C",1,0
"ZMYND11",1,0
"WAS",0,0
"MATR3",4,1
"XYLT2",0,0
"ISL1",1,0
"CLCA4",2,0
"GLT8D1",2,1
"ATP2C1",6,1
"IGF1",0,0
"CNTN1",1,0
"SLC11A1",0,0
"AGPS",2,1
"ATP1A2",0,0
"CYP24A1",0,0
"SNAI2",0,0
"HGF",0,0
"NCDN",1,1
"MRE11",3,1
"SLC7A9",2,0
"SPAST",1,0
"CPS1",0,0
"C8B",1,0
"FHL1",0,0
"GABRA1",0,0
"NDUFS1",2,1
"RB1CC1",1,0
"BIRC3",0,0
"ABCC2",1,0
"DEF6",0,0
"TYMP",2,1
"SEC63",2,0
"VIM",2,0
"FAS",1,1
"RNASET2",2,1
"MIPEP",3,1
"PRKCH",5,1
"IFNGR1",0,0
"B4GALT7",0,0
"TNFRSF1B",1,0
"ANK1",5,0
"HMGB3",0,0
"NUP160",4,0
"MUSK",1,0
"GRN",0,0
"ARHGAP31",3,0
"PNPLA6",2,1
"IFT88",2,0
"ALG1",5,1
"ZCCHC8",1,0
"FUT8",3,0
"ATP6V0A1",5,0
"PEX3",1,0
"MYOC",0,0
"VCL",1,0
"RFC1",1,0
"TBC1D23",0,0
"CUL3",1,0
"OTC",2,1
"CASR",2,0
"FLT4",0,0
"NSUN2",0,0
"AGA",0,0
"TLL1",1,0
"TRIO",0,0
"VCAN",1,0
"MSR1",2,0
"CDH1",3,0
"DNAH5",1,0
"C6",0,0
"PNKP",0,0
"CTNS",1,0
"RTN4R",1,0
"TNC",0,0
"TDP1",0,0
"SPATA7",1,1
"MED17",3,1
"AP2S1",0,0
"USH2A",5,0
"ZPBP",3,1
"TG",2,1
"ZIC2",0,0
"LCP2",1,1
"TRIT1",1,0
"CUL7",1,1
"CTNNA1",5,1
"PHKA2",2,0
"DSG2",1,0
"OFD1",0,0
"WDR37",0,0
"CP",1,1
"DTNBP1",0,0
"XK",1,1
"CC2D2A",1,0
"RRM2B",0,0
"GUCA1A",1,1
"VPS13D",1,0
"CELF2",5,1
"COL9A2",0,0
"KITLG",0,0
"ERCC8",2,0
"H6PD",0,0
"PER3",2,1
"LTBP1",4,0
"ELN",1,0
"RFC2",0,0
"ARID1B",3,0
"NEDD4L",3,0
"FOXP3",1,1
"HEXB",2,1
"NEXMIF",1,0
"LAMC3",1,0
"RAD51",1,0
"CYBA",0,0
"MSMO1",0,0
"ALX4",0,0
"LAMA3",2,0
"KCNQ1",1,0
"SDCCAG8",1,0
"HHAT",2,0
"KIF1B",3,0
"FOXC1",0,0
"SYNE2",2,1
"RELT",1,0
"GALC",3,0
"KCNH2",0,0
"CYFIP2",5,1
"TAB2",5,1
"EIF2AK2",2,1
"KMT2C",4,0
"ZFR",2,0
"TRAF3IP2",2,0
"PKP2",1,0
"MSH4",1,0
"F7",0,0
"ATG5",2,0
"LAMC2",0,0
"SEC61A1",1,0
"PPP1R12A",5,1
"CAMK2B",0,0
"TBXAS1",1,1
"ALDH18A1",0,0
"GATB",1,1
"SLC2A3",0,0
"CTDP1",1,0
"WNK1",1,0
"CREB3L3",0,0
"PIGV",0,0
"COL11A1",1,0
"MPC1",0,0
"LZTS1",2,0
"PRDM6",1,0
"CDH3",3,0
"ELMO2",1,0
"POLD1",2,1
"BICRA",2,0
"RPL18",2,1
"CASP8",0,0
"DLX3",0,0
"DMRT3",0,0
"CDON",2,0
"TAF2",0,0
"TNPO3",2,0
"RFXANK",3,1
"CTSA",2,1
"SLC12A2",1,0
"ABCA7",0,0
"SNCAIP",3,0
"POU1F1",0,0
"PMS1",0,0
"CALCRL",2,0
"AP3D1",1,1
"NTHL1",1,1
"GNAI3",1,0
"OAT",0,0
"NTN1",1,0
"MCM10",0,0
"ERBB3",1,0
"SPEN",3,0
"MYLK",3,0
"COL17A1",1,0
"CDK13",0,0
"SLC9A7",3,1
"CTNNA2",12,0
"TIE1",0,0
"DIP2B",3,0
"SMARCD1",0,0
"SLC9A3",1,0
"ASPM",1,0
"ELOVL1",0,0
"SPI1",0,0
"ZBTB11",2,1
"ATXN3",1,0
"FGFR2",0,0
"EML1",0,0
"THUMPD1",1,1
"ARFGEF1",1,1
"ZFAT",2,0
"STAG3",4,1
"FECH",0,0
"MYO9A",7,1
"DDX3Y",0,0
"KLF6",0,0
"PHKA1",2,1
"TNFRSF1A",0,0
"RHOA",2,1
"PRKCZ",2,1
"IARS2",4,0
"SYT1",4,0
"ROGDI",0,0
"ATP2B3",0,0
"PDK3",2,0
"HDAC4",15,1
"FGFR3",0,0
"COASY",1,0
"MEF2A",5,1
"OTUD5",1,1
"TFE3",0,0
"ACSL4",2,0
"GPKOW",0,0
"FTSJ1",0,0
"REEP1",0,0
"ATP11A",4,0
"POLR1A",0,0
"TTC7A",4,1
"KIF2A",4,1
"RASGRP2",0,0
"IFT80",3,1
"PYGM",0,0
"PITX1",2,1
"NUP133",0,0
"VPS35",1,0
"KCNAB2",2,1
"ABCC9",1,1
"GAL",0,0
"RORA",8,0
"DRD4",0,0
"TGFBR3",1,0
"PIGB",4,1
"GNB5",4,1
"RAB27A",2,1
"UFD1",1,0
"LRP6",4,1
"GUCY2C",2,1
"ELP1",0,0
"PTPN3",1,0
"SPTB",1,1
"FGF10",1,0
"SLC44A1",1,0
"TMEM260",3,1
"CLTCL1",3,0
"DGCR2",3,0
"GBA2",2,1
"NDST1",2,0
"ASNS",1,0
"CNGB1",0,0
"CHAT",2,1
"EIF2B3",3,0
"CAMK2A",1,1
"TCOF1",0,0
"CDC42",2,0
"SLC12A3",1,0
"ATP2B1",3,0
"RPL31",2,1
"WDR1",2,0
"BUD23",2,1
"TRIP13",1,1
"ATP6AP1",0,0
"TCF3",1,0
"FAM50A",0,0
"CPSF1",3,1
"RDH11",1,1
"PRKACA",0,0
"ADGRL1",1,0
"ACTN1",2,0
"ZFYVE26",5,1
"LIMS2",1,0
"SPEG",2,0
"ALDH3A2",3,0
"TFRC",2,0
"SREBF1",2,1
"AFF4",3,0
"SMC1A",1,1
"HSD17B10",1,1
"HMMR",1,0
"P4HA2",5,1
"FCGR2B",7,1
"TRNT1",1,1
"ACADVL",2,1
"FBXW11",0,0
"EVC",1,1
"NDE1",1,0
"XRCC1",4,0
"MCM2",1,1
"MOV10L1",0,0
"TP63",2,0
"ALPK1",2,1
"CLCN4",1,0
"SDHA",0,0
"SMARCE1",1,1
"ABCB11",1,0
"IGF2BP2",2,1
"TBX21",0,0
"PICALM",0,0
"NSF",1,0
"GLI2",1,0
"MRPS34",0,0
"NOTCH3",0,0
"EED",0,0
"SNCB",1,0
"CA12",0,0
"BCS1L",1,1
"SLC24A1",1,1
"LMAN1",0,0
"SLC12A1",3,1
"KCNQ2",1,0
"NUP37",1,0
"SEMA3A",0,0
"SEMA3C",0,0
"ACAT1",1,0
"CELSR1",1,0
"MARK3",1,0
"SLC25A3",1,0
"ACTB",2,0
"MOCOS",0,0
"PLD1",2,1
"WDR62",0,0
"DLG1",2,0
"RAB7A",4,0
"TUBA3D",1,1
"PAX2",0,0
"MCM6",0,0
"PTPN23",0,0
"MLH1",2,0
"UNG",0,0
"SLC46A1",3,1
"NT5C2",2,0
"GPC4",0,0
"ARHGEF1",1,0
"STXBP2",2,1
"ACTL6B",0,0
"RARB",3,0
"NFKB2",0,0
"UBE2T",0,0
"IL4R",0,0
"PAK3",1,0
"DCX",0,0
"EXOSC5",2,1
"DYNC1I2",1,0
"TYR",1,0
"ACTN2",0,0
"UBE2A",0,0
"FGFR1",2,0
"FKBP6",1,0
"FBLN1",0,0
"ITGA8",0,0
"MCCC1",1,1
"ACER3",2,0
"TULP3",2,1
"GNB1",0,0
"EDN1",0,0
"MLLT10",3,0
"FGF20",0,0
"ITCH",6,0
"TP73",4,1
"SLC1A3",1,0
"CDC14A",4,0
"CIC",0,0
"LIPE",2,0
"FDFT1",1,1
"OPHN1",4,0
"KIF22",0,0
"PGM1",2,1
"DNM2",4,0
"RIMS1",2,0
"KEAP1",1,0
"DCT",1,0
"SLC4A4",2,0
"SMARCA2",2,0
"MID2",2,0
"SRCAP",4,0
"CHRNA3",1,1
"KCNN2",1,0
"PSEN1",1,0
"CPOX",4,1
"AP4E1",1,1
"AFP",0,0
"COL4A4",1,0
"OSTM1",2,0
"IMPG2",0,0
"MEF2C",2,0
"PTPRC",2,0
"CACNA1S",1,0
"PKP1",0,0
"UBA5",2,1
"LRP2",0,0
"ATP8B1",3,0
"FYB1",2,0
"PGR",0,0
"DLG3",2,0
"GEMIN5",0,0
"RNF13",3,1
"PALB2",1,0
"BCKDHB",0,0
"KAT6A",2,0
"GRHL2",3,0
"PLOD1",0,0
"PIBF1",3,1
"OXCT1",1,0
"CYLD",3,0
"CHMP2B",0,0
"ZMPSTE24",1,0
"STARD7",1,0
"REST",0,0
"HAL",0,0
"WBP11",0,0
"APOB",0,0
"AGBL5",3,0
"HADHA",1,0
"CAD",0,0
"CD59",1,1
"BCORL1",0,0
"ATRX",1,1
"MECOM",3,1
"HACE1",2,0
"SLC25A24",1,0
"ABCB1",3,0
"DDHD2",2,1
"ORC1",0,0
"POMGNT1",1,0
"RAD54L",1,1
"B4GALT1",1,0
"EIF2AK1",4,1
"NME8",1,1
"SNX10",1,0
"CEACAM6",2,1
"FAT2",0,0
"HUWE1",1,0
"ALG9",3,0
"MTMR2",1,0
"FTL",0,0
"BAX",0,0
"PIGS",1,1
"ADAMTS2",0,0
"CETP",0,0
"MMP2",1,0
"GNAO1",3,0
"SH3BP2",0,0
"ADD1",0,0
"L2HGDH",2,1
"SF3B2",3,0
"GNAS",3,0
"DNM1L",4,1
"PTHLH",1,1
"AURKA",0,0
"SULT2B1",0,0
"ALG6",0,0
"CNOT3",1,0
"GP6",1,0
"GNA11",2,0
"DNMT3B",0,0
"EPB41L1",3,0
"TGDS",0,0
"DOCK3",4,0
"COQ9",2,1
"SLC4A11",0,0
"F11",1,0
"KIZ",4,1
"MAPKAPK5",2,0
"TASP1",2,1
"OAS1",1,0
"TBX5",1,0
"NOS1",1,0
"FUS",1,0
"IGBP1",2,0
"GANAB",0,0
"NECAP1",0,0
"LTBP4",1,0
"SLC9A1",0,0
"SPTLC1",5,0
"CCNK",2,1
"LYZ",1,0
"SI",0,0
"SPG21",0,0
"DNAJB11",1,1
"P3H2",3,0
"THPO",1,1
"GNPTG",2,1
"MCOLN1",2,1
"USP48",1,0
"EFNB1",0,0
"KIF4A",3,1
"TNRC6A",1,0
"PLEKHG2",1,0
"DLL3",0,0
"NLRC4",0,0
"PUS7",0,0
"NRCAM",1,0
"LAMB1",2,1
"SLC26A4",1,0
"SLC26A3",0,0
"DLD",1,0
"ABCC6",1,0
"ITGA6",3,0
"MAP3K20",1,0
"SMPX",0,0
"FH",0,0
"TF",2,0
"MYO15A",2,0
"NLRP1",1,0
"PITPNM3",1,1
"ORC6",0,0
"ZFHX4",1,0
"CPA1",0,0
"ESR1",2,0
"ANGPT2",1,1
"PPP2R3C",2,1
"MYH7",2,0
"CEBPE",0,0
"OSGEP",1,0
"RPGRIP1",0,0
"SUPT16H",0,0
"TGM1",0,0
"TINF2",0,0
"TBL1Y",0,0
"TRPM7",1,1
"CAPN3",2,1
"TBX15",0,0
"PHGDH",0,0
"COL9A3",1,1
"UNC13D",0,0
"TGFB2",0,0
"CDC45",0,0
"COMT",3,1
"ADA2",3,1
"HDAC6",0,0
"CDC6",0,0
"AAAS",0,0
"MSH2",3,1
"MAP3K1",2,0
"DHPS",1,1
"ARCN1",2,1
"TMEM38B",2,0
"NUP188",3,1
"CRAT",3,1
"NANS",1,0
"WHRN",1,0
"PDE6C",0,0
"CWF19L1",4,0
"IKZF5",1,1
"BLNK",1,0
"MYO3A",0,0
"WAC",1,0
"TREM2",0,0
"FKBP5",4,0
"EFHC1",1,0
"ITPR3",1,1
"DSP",0,0
"IFT74",3,1
"JAK2",13,0
"IL12RB1",1,1
"ABL1",1,0
"RAB18",0,0
"STX1B",0,0
"HSD3B7",1,1
"SETD1A",0,0
"ATP5F1D",0,0
"IGFALS",1,1
"NDUFB7",0,0
"TECR",2,1
"MTAP",5,0
"POLRMT",0,0
"HCN2",2,0
"ARVCF",1,1
"SERPIND1",1,1
"SNAP29",1,1
"CRKL",0,0
"LZTR1",1,1
"SMARCB1",1,1
"UPB1",2,1
"MAPK1",1,0
"GGT1",3,1
"PRODH",1,1
"CRYBB3",0,0
"ESS2",1,0
"CARD10",0,0
"SLC25A1",0,0
"HIRA",3,1
"HPS4",1,1
"TRIOBP",1,0
"CRYBB1",0,0
"SOX10",1,1
"CCDC134",0,0
"DEPDC5",4,0
"SLC5A1",0,0
"CYP2D6",1,0
"TCF20",1,0
"HSCB",1,1
"CBY1",2,0
"FBXO7",0,0
"TIMP3",3,1
"SBF1",0,0
"CYB5R3",1,1
"DNAL4",1,1
"AP1B1",2,0
"TOM1",1,0
"NEFH",0,0
"CHKB",4,1
"HMOX1",0,0
"MCM5",1,0
"ARSA",0,0
"PDGFB",0,0
"APOL4",0,0
"APOL1",0,0
"MYH9",1,0
"TXN2",0,0
"TNRC6B",1,0
"IFT27",0,0
"NCF4",1,0
"CSF2RB",0,0
"KCTD17",1,0
"IL2RB",2,0
"EP300",4,0
"ACO2",1,1
"POLR3H",1,1
"TRMU",0,0
"MLC1",0,0
"COCH",2,1
"AP4S1",1,1
"SOS2",0,0
"NIN",2,0
"PYGL",3,1
"DDHD1",1,0
"PIGH",1,1
"KIAA0586",4,1
"SPTLC2",1,0
"SLC10A1",0,0
"DICER1",2,0
"MTHFD1",2,0
"ZC3H14",1,1
"TELO2",1,0
"VRK1",1,0
"PSMC1",0,0
"YY1",3,0
"TRIP11",1,0
"SRP54",1,0
"CHD8",5,0
"PCK2",1,1
"NFKBIA",0,0
"SEC23A",3,0
"GSS",0,0
"MMP9",2,0
"VSX1",0,0
"ABHD12",2,1
"GINS1",0,0
"CD40",0,0
"IFT52",0,0
"HNF4A",4,0
"RAB5IF",1,0
"STK4",1,0
"SALL4",0,0
"ADNP",2,1
"DNAJC5",4,0
"PRPF6",1,1
"TUBB1",1,1
"SLC17A9",0,0
"AVP",0,0
"CHRNA4",1,0
"EEF1A2",0,0
"NDUFAF5",0,0
"CSNK2A1",0,0
"SLC52A3",0,0
"RSPO4",0,0
"PROKR2",0,0
"MYLK2",0,0
"SEC23B",1,0
"FERMT1",0,0
"PDYN",1,0
"PLCB4",0,0
"MYL9",2,0
"POFUT1",2,0
"SAMHD1",1,1
"KIF3B",1,0
"NOP56",7,0
"IDH3B",0,0
"JAG1",2,0
"SNTA1",0,0
"CHMP4B",0,0
"CST3",1,0
"AHCY",1,0
"PIGU",0,0
"LPIN2",4,0
"SMCHD1",3,0
"SMAD7",0,0
"LAMA1",4,0
"RNF125",2,0
"MIB1",9,0
"RBBP8",7,0
"STS",0,0
"TBL1X",0,0
"GPR143",0,0
"POLA1",3,0
"MID1",1,0
"NKAP",0,0
"ALG13",2,0
"TLR8",1,0
"AMMECR1",4,1
"CHRDL1",0,0
"GLRA2",0,0
"XIAP",3,0
"STAG2",10,1
"ATP11C",3,0
"F9",0,0
"ABCD1",1,0
"CCDC22",1,1
"CACNA1F",0,0
"SYP",1,1
"NAA10",1,1
"ELF4",0,0
"FMR1",1,0
"SLC35A2",0,0
"PQBP1",1,1
"RS1",1,1
"EMD",0,0
"PGK1",0,0
"GATA1",0,0
"MAGT1",2,0
"SMS",0,0
"PHEX",2,0
"RP2",0,0
"CD40LG",0,0
"FGD1",1,1
"PORCN",0,0
"MAGED2",1,0
"SRPX2",0,0
"GLA",1,1
"NALCN",1,0
"FGF14",11,0
"HTR2A",1,0
"ACP5",1,1
"DNAJC3",4,0
"FGF9",0,0
"SGCG",3,1
"SLC25A15",0,0
"KPNA3",0,0
"FLT1",0,0
"CLN5",1,0
"HSF4",2,1
"CORO1A",1,0
"PHKB",6,1
"NUP93",0,0
"CENPT",3,1
"ARL2BP",2,0
"ZNF423",5,0
"DHODH",0,0
"CTCF",2,0
"ACD",1,1
"USB1",1,1
"VAC14",2,0
"COG4",0,0
"SLC7A6OS",1,1
"FA2H",1,0
"AXIN1",0,0
"NPRL3",3,1
"MLYCD",1,0
"TSC2",2,1
"ABCC1",1,0
"LMF1",5,1
"FOXF1",0,0
"CLCN7",3,0
"FBXO31",4,1
"STUB1",3,1
"ZP2",1,0
"MEFV",0,0
"CRYM",2,1
"CAPN15",1,0
"PIEZO1",6,1
"EARS2",2,1
"SALL1",1,0
"RBL2",4,1
"XYLT1",1,0
"RPGRIP1L",0,0
"BCKDK",1,0
"KAT8",1,0
"IL21R",1,0
"VPS35L",2,1
"SLC6A2",0,0
"AAGAB",2,1
"HERC1",1,0
"TRIP4",3,0
"MTFMT",1,0
"AP3B2",2,1
"CTSH",0,0
"FAH",1,0
"HOMER2",1,0
"CEP152",4,1
"OCA2",1,0
"TGM5",1,0
"DMXL2",3,1
"SPG11",1,1
"BLOC1S6",2,0
"PDGFRL",1,1
"CSPP1",4,1
"RP1",0,0
"CA2",1,0
"EYA1",1,0
"NBN",1,0
"TRPA1",1,1
"POP1",0,0
"IKBKB",0,0
"JPH1",1,1
"GDAP1",3,1
"ESRP1",1,0
"NDRG1",0,0
"IL7",3,1
"TRPS1",1,0
"SPAG1",4,1
"SLC39A14",1,0
"GSR",0,0
"TUSC3",2,0
"ARHGEF10",1,0
"MCM4",0,0
"ASAH1",1,0
"MAN2B1",2,1
"KCNN4",0,0
"GYS1",0,0
"LHB",1,1
"TUBB4A",2,0
"SARS2",4,1
"RELB",0,0
"ARHGEF18",1,1
"ERCC2",1,1
"RNASEH2A",1,0
"AMH",3,1
"TRMT1",0,0
"RETN",0,0
"DMPK",3,1
"TLE6",0,0
"NOVA2",0,0
"MED25",1,0
"TNNT1",0,0
"CASP14",1,0
"AURKC",0,0
"TIMM50",0,0
"DYRK1B",0,0
"GPI",1,0
"AKT2",2,0
"PLD3",2,1
"PRX",0,0
"FZR1",2,1
"TGFB1",4,1
"MYH14",1,0
"CD79A",0,0
"RPS19",0,0
"ETFB",3,1
"TYK2",0,0
"ATP1A3",0,0
"MEGF8",0,0
"GRIN2D",0,0
"CARD8",4,1
"LIG1",2,0
"BCAT2",0,0
"PPP2R1A",1,0
"TNPO2",1,0
"GCDH",2,1
"KLF1",0,0
"DNASE2",1,0
"MAST1",3,1
"PRPF31",1,0
"JAK3",0,0
"SLC5A5",0,0
"COMP",0,0
"TMEM147",1,0
"MAG",0,0
"HAMP",0,0
"SCN1B",1,0
"ERF",1,1
"SIPA1L3",6,0
"ETHE1",1,1
"SMG9",0,0
"CFAP69",2,0
"CDK6",2,0
"PMPCB",1,0
"PIK3CG",0,0
"PON3",1,1
"PON2",0,0
"DNAH11",1,1
"DLX5",0,0
"GSDME",0,0
"ATP6V0A4",1,1
"TTC26",1,0
"OGDH",0,0
"CAV1",1,0
"MET",0,0
"LMBR1",1,0
"HOXA1",1,0
"DNAJB6",0,0
"HOXA2",1,0
"LFNG",1,0
"BRAT1",1,0
"IQCE",0,0
"TSPAN12",0,0
"SSBP1",1,0
"HOXA13",1,0
"GRB10",0,0
"FKBP14",1,0
"STX1A",2,1
"GHRHR",0,0
"CHCHD2",0,0
"HSPB1",0,0
"CYP3A5",0,0
"TAF6",3,1
"AIMP2",2,0
"TFR2",0,0
"PAX4",0,0
"PPP1R17",0,0
"RBM28",0,0
"IMPDH1",0,0
"SERPINE1",0,0
"AP1S1",1,0
"PLOD3",1,1
"NOBOX",0,0
"TMEM106B",0,0
"EZH2",1,0
"CEP41",0,0
"SFRP4",1,1
"POU6F2",4,0
"AHR",1,0
"GLI3",1,0
"BLVRA",1,0
"PRKAG2",2,0
"AEBP1",1,0
"GCK",0,0
"BCL7B",0,0
"TBL2",0,0
"CLIP2",0,0
"EIF4H",1,0
"LIMK1",1,1
"SLC1A1",1,0
"FKTN",0,0
"TGFBR1",1,0
"C5",0,0
"ASPN",1,1
"DNM1",3,1
"ENG",4,0
"AK1",2,0
"RIC1",2,1
"DOCK8",3,1
"KANK1",8,0
"KCNT1",0,0
"TYRP1",1,0
"MPDZ",1,0
"LHX3",0,0
"GLIS3",4,0
"SETX",0,0
"ABCA2",1,1
"EXOSC3",3,1
"DVL1",1,1
"GATA3",0,0
"HPS1",1,0
"PHYH",0,0
"DNMBP",1,0
"ERLIN1",1,1
"CUBN",0,0
"CDH23",3,1
"MICU1",4,0
"BMPR1A",2,0
"MINPP1",0,0
"ACTA2",3,1
"LIPA",7,1
"TWNK",1,1
"FBXW4",1,0
"FGF8",0,0
"PITX3",0,0
"GBF1",1,0
"SUFU",3,0
"ANKRD26",1,0
"ACBD5",2,0
"MTPAP",4,0
"PITRM1",1,1
"STN1",0,0
"MAP3K8",0,0
"DKK1",0,0
"EBF3",1,0
"SMC3",1,0
"SHOC2",2,0
"TFAM",0,0
"ZMIZ1",0,0
"DNAJC12",3,0
"LGI1",0,0
"UBTF",2,0
"RGS9",1,0
"RNF43",2,1
"WNT3",1,0
"ASPA",1,1
"RAD51C",0,0
"TRIM37",3,0
"GOSR2",5,1
"PNPO",2,0
"PIGL",3,1
"GALK1",1,1
"MED13",3,0
"ENO3",1,1
"PFN1",1,0
"SLC25A11",1,1
"CHRNE",2,1
"RAI1",4,1
"NUP88",3,1
"C1QBP",3,1
"SLC6A4",1,0
"CCDC47",2,1
"SMARCD2",1,0
"B9D1",2,0
"CCL2",1,1
"PEX12",1,1
"NAGLU",1,0
"MLX",1,1
"CNTNAP1",2,1
"DLX4",0,0
"COL1A1",0,0
"SGCA",2,0
"EFTUD2",3,1
"PRKAR1A",6,1
"FAM20A",4,1
"YWHAE",0,0
"DPH1",3,0
"MYH3",0,0
"PMP22",3,0
"FOXN1",1,1
"UNC119",1,1
"PHOX2B",1,0
"GNRHR",2,0
"CHIC2",2,1
"NFKB1",1,0
"MANBA",5,0
"MAPK10",3,0
"GAB1",4,1
"CPE",2,0
"WFS1",0,0
"FRG1",1,0
"CLCN3",0,0
"SEPSECS",0,0
"TRIM2",3,0
"SLC2A9",4,0
"FBXW7",2,1
"NSD2",3,0
"NKX3-2",0,0
"GLRB",0,0
"RAPGEF2",3,0
"UFSP2",2,1
"UGDH",1,0
"PPARGC1A",2,0
"CRYAB",3,1
"CTSC",0,0
"CCDC34",0,0
"ZBTB16",2,0
"ELP4",3,0
"ZPR1",0,0
"TECTA",0,0
"SC5D",0,0
"UNC93B1",0,0
"PUS3",1,1
"DCPS",1,1
"KMT5B",0,0
"FOXRED1",1,1
"CPT1A",0,0
"CCND1",1,1
"FOLR1",1,0
"PANX1",0,0
"APOA5",0,0
"APOC3",0,0
"CEP164",3,1
"CEP126",1,1
"IL10RA",0,0
"UBE4A",1,0
"DDX6",1,0
"CBL",1,0
"NECTIN1",3,0
"PDHX",2,1
"SLC1A2",3,0
"MADD",1,0
"SLC22A18",1,0
"CD81",1,1
"SOX6",5,1
"AIP",0,0
"NDUFS8",1,0
"TCIRG1",1,0
"CHKA",1,0
"EXPH5",0,0
"HPS5",0,0
"POU2AF1",4,1
"VWF",1,0
"PPFIBP1",3,0
"COQ5",3,0
"DAO",0,0
"SLC11A2",0,0
"MVK",1,1
"CYP27B1",1,0
"MYF6",0,0
"MYF5",0,0
"KRT18",3,1
"GLI1",1,0
"TRPV4",1,0
"MYL2",0,0
"CUX2",3,0
"SH2B3",0,0
"KCNA1",0,0
"ALDH2",1,1
"CDKN1B",0,0
"SCNN1A",1,1
"MGP",1,1
"EIF2B1",1,1
"VDR",1,0
"IFNG",1,0
"NUP107",2,0
"CNOT2",1,0
"TIMELESS",0,0
"CHD4",2,0
"GNB3",1,1
"TPI1",1,1
"GNPTAB",5,0
"ATN1",0,0
"SLCO1B3",4,1
"GYS2",1,1
"AICDA",0,0
"PHC1",1,1
"COX6A1",1,0
"COL12A1",0,0
"TDP2",0,0
"DSE",4,0
"RSPH4A",0,0
"MAK",2,1
"GCNT2",3,0
"CEP85L",3,1
"MCM9",2,1
"RIPOR2",7,1
"SASH1",4,0
"FANCE",0,0
"TULP1",0,0
"SLC26A8",1,0
"RHAG",0,0
"IL17F",0,0
"PHACTR1",4,1
"BACH2",3,0
"CAP2",1,0
"RAB23",0,0
"FBXL4",0,0
"PRDM13",0,0
"SIM1",1,0
"BVES",1,0
"COL9A1",1,0
"MED23",1,1
"WASF1",0,0
"ALDH5A1",1,1
"GMNN",0,0
"EYA4",4,0
"SOBP",1,0
"PEX7",2,0
"ZBTB24",1,1
"FIG4",0,0
"PERP",0,0
"ADGRG6",0,0
"EPM2A",1,0
"SLC39A7",1,1
"CCR6",0,0
"PDE10A",2,0
"SMOC2",1,0
"TBP",0,0
"GUCA1B",0,0
"PRPH2",0,0
"PPP2R5D",1,1
"EXOC2",3,1
"IMPG1",1,0
"LAMA4",5,0
"TENT5A",1,0
"CLIC5",1,0
"TBX18",0,0
"HARS2",2,1
"SEMA5A",5,0
"C7",2,0
"GHR",2,0
"NME5",3,0
"KIF20A",2,1
"NNT",2,0
"HSPA9",2,0
"LOX",1,1
"SPARC",1,0
"PDE8B",2,1
"GRM6",1,0
"ITK",4,1
"THG1L",1,0
"ARSB",0,0
"IL12B",2,0
"MSH3",3,1
"GABRG2",0,0
"LMNB1",0,0
"NPR3",1,1
"PDE4D",9,1
"PRLR",2,1
"RAD50",2,1
"PCDH12",1,1
"NUP155",1,0
"PPP2CA",3,1
"NR3C1",1,0
"LIFR",2,0
"C9",1,0
"TXNDC15",0,0
"ERGIC1",0,0
"PDGFRB",1,0
"EHHADH",3,0
"TIMMDC1",1,0
"CRBN",1,1
"KNG1",1,0
"HRG",1,0
"BCL6",2,1
"HGD",0,0
"CLDN16",0,0
"ARL6",0,0
"NPHP3",6,1
"OGG1",2,1
"PCCB",1,1
"UBE3A",2,1
"BCHE",0,0
"PDCD10",1,0
"WNT5A",1,0
"COL7A1",1,0
"FGF12",5,0
"GNAT1",0,0
"GNAI2",1,0
"TFG",0,0
"USP9Y",1,0
"HYAL1",0,0
"NPRL2",1,1
"FXR1",2,1
"IFT57",0,0
"GNB4",0,0
"GBE1",3,0
"UMPS",2,0
"PLXNA1",0,0
"ATP6V1A",1,0
"MRPL3",2,0
"MAPKAPK3",1,1
"ACVR2B",1,0
"WDR48",1,0
"KLHL24",0,0
"PLCH1",7,1
"DNAH1",1,0
"TNNC1",0,0
"CLCN2",2,1
"FOXP1",3,0
"EIF4G1",2,1
"SLC4A3",0,0
"DGUOK",1,0
"LMAN2L",0,0
"PIKFYVE",1,0
"ZAP70",0,0
"STEAP3",1,0
"POMC",0,0
"OTOF",0,0
"GPD2",1,1
"ACVR1",1,0
"MPV17",0,0
"EIF2B4",1,0
"ITGB6",0,0
"REEP6",0,0
"APC2",2,1
"IFIH1",0,0
"MOGS",0,0
"NDUFS7",1,0
"SPTBN1",4,0
"HTRA2",2,1
"LOXL3",2,1
"GALNT3",0,0
"CCDC88A",1,0
"EFEMP1",0,0
"FANCL",1,1
"FN1",0,0
"STAT1",3,1
"GLS",2,0
"ELMOD3",5,1
"GGCX",0,0
"SF3B1",1,0
"ST3GAL5",0,0
"ZNF142",1,1
"FHL2",2,0
"MLPH",0,0
"ABCB6",1,1
"SLC5A7",0,0
"TPO",1,0
"PROC",1,0
"ODC1",1,0
"DCAF17",1,1
"RAB3GAP1",3,1
"SLC25A12",3,1
"LCT",2,0
"SLC1A4",1,0
"SOS1",3,0
"KYNU",2,0
"WIPF1",2,0
"ORC4",2,0
"TIA1",1,1
"KISS1R",0,0
"EPAS1",0,0
"SUMO1",1,0
"ATP6V1B1",3,0
"NFE2L2",7,0
"MSH6",2,1
"SPR",0,0
"EPHA4",2,0
"FARSB",0,0
"ALMS1",2,0
"PRRX1",0,0
"DHCR24",1,0
"TNR",2,0
"SCP2",6,0
"PAPPA2",2,0
"CEP104",0,0
"NPHS2",1,1
"CHD5",0,0
"PARK7",1,0
"AMPD2",1,0
"MECR",1,0
"EDEM3",0,0
"ASH1L",7,0
"ARHGEF2",3,0
"LAMTOR2",0,0
"DOCK7",4,1
"MAD2L2",0,0
"DNAJC6",3,0
"LEPR",4,1
"IVNS1ABP",0,0
"MFN2",0,0
"PRG4",2,1
"NCF2",1,1
"SLC35D1",0,0
"PLA2G4A",0,0
"WLS",3,0
"RPE65",0,0
"AMPD1",0,0
"CTH",0,0
"TNNI3K",5,1
"CFHR3",0,0
"WARS2",4,0
"GNPAT",0,0
"TBCE",1,0
"MTR",1,0
"KCNQ4",1,0
"AKT3",1,0
"ACADM",3,1
"SDHB",0,0
"KDM5B",2,0
"ECE1",2,0
"HMGCL",0,0
"GALE",0,0
"CR2",0,0
"CD46",1,0
"PRPF3",0,0
"P3H1",0,0
"SLC2A1",0,0
"MPL",0,0
"PTCH2",1,0
"PRDX1",1,1
"SLC19A2",1,0
"ABCD3",0,0
"DPH5",3,1
"FASLG",0,0
"TNFSF4",0,0
"DARS2",1,1
"HSD11B1",1,0
"IRF6",1,0
"SERPINC1",0,0
"SLC35A3",3,0
"NEK2",0,0
"DHDDS",2,0
"ARID1A",1,0
"CENPF",2,0
"MESD",2,1
"MUC5B",1,0
"CTSD",4,1
"COLEC11",2,0
"STAG1",7,1
"STK11",2,1
"KMT2A",1,0
"TREH",1,1
"APOA1",1,0
"KPTN",0,0
"KIF14",0,0
"TNNT2",1,1
"DDX59",1,0
"ATF6",1,0
"CRYGD",0,0
"FASTKD2",2,1
"CREB1",3,1
"TTR",0,0
"ELOVL4",0,0
"PLAGL1",1,0
"TNFAIP3",1,0
"ARG1",1,0
"PMFBP1",1,1
"RXYLT1",2,0
"ARMC2",3,0
"CASQ2",0,0
"PKD2",0,0
"SPP1",0,0
"RAB3GAP2",5,0
"WDR35",0,0
"CCND2",2,1
"NDUFB3",2,1
"SATB2",2,0
"TRPM6",4,0
"TJP2",2,1
"CPSF3",0,0
"SET",0,0
"GLE1",1,0
"TRIM32",1,1
"NDUFA8",0,0
"NR4A3",0,0
"INVS",4,1
"ALG2",0,0
"CSF3R",0,0
"KDSR",1,0
"VSX2",0,0
"NEK9",2,0
"IFT43",4,1
"NPC2",3,1
"DNAL1",1,0
"IRF2BPL",0,0
"LTBP2",1,0
"MLH3",1,0
"TTLL5",5,1
"FLVCR2",5,1
"ABCD4",1,1
"DLST",0,0
"TGFB3",2,1
"ALDH6A1",2,1
"GPR68",1,1
"ESRRB",3,0
"EIF2B2",1,0
"COQ6",2,1
"DNMT3A",1,0
"BCL11A",1,0
"CRIPT",1,1
"EPCAM",2,0
"SLC17A5",1,0
"MXI1",2,0
"HELLS",1,0
"TCTN3",0,0
"WDR11",2,0
"CFAP58",1,0
"CPN1",0,0
"KANSL1",4,0
"HOXB1",0,0
"MSX2",0,0
"TEK",2,0
"GRIA2",2,0
"MRPS14",2,1
"GORAB",1,0
"ACAT2",2,1
"KCNJ5",1,1
"TEX11",3,0
"ARR3",0,0
"SLC10A7",0,0
"TNFSF11",0,0
"UFM1",0,0
"SMAD9",1,0
"ALG5",1,0
"EXOSC8",2,1
"TGFBI",0,0
"SIL1",7,1
"MYOT",1,0
"KDM3B",0,0
"PLS1",2,0
"TMPO",2,0
"TNFRSF10B",2,1
"CHRNA2",0,0
"EPHX2",0,0
"RNF170",3,1
"UBIAD1",1,0
"TARDBP",0,0
"SPOP",0,0
"TBX2",2,0
"TBX4",1,0
"TEX14",8,0
"NCAPH",0,0
"LRAT",1,0
"PYROXD1",2,1
"KCNJ8",1,1
"LHX4",2,1
"RNF2",1,0
"CSTA",0,0
"GJA8",0,0
"MAPK8IP1",1,0
"PEX16",0,0
"CAT",0,0
"ZMYM2",1,1
"GJB6",0,0
"GJA3",0,0
"POLR3GL",0,0
"GHSR",0,0
"PIK3CA",2,0
"LIAS",0,0
"HPCA",1,0
"LRIF1",1,0
"CLCC1",2,1
"GPSM2",2,1
"CXCR4",0,0
"FLT3",1,1
"RPL21",2,0
"XPNPEP2",0,0
"SASH3",1,0
"OCRL",0,0
"MRPS2",2,1
"TBX22",1,0
"PLG",0,0
"COPA",3,1
"CD244",1,0
"SERAC1",0,0
"ANXA11",0,0
"LDB3",0,0
"RPL5",3,0
"ZNF644",0,0
"BBS9",3,0
"PMS2",1,0
"KLHL7",2,0
"HNRNPA2B1",1,0
"NT5C3A",3,1
"MRM2",0,0
"TWIST1",1,1
"DNAI1",2,1
"KIAA1549",2,1
"AKR1D1",5,0
"SFTPA1",0,0
"NEUROG3",0,0
"PLAU",1,1
"CHST3",0,0
"BICC1",1,0
"EGR2",0,0
"CIT",2,0
"IFT81",0,0
"ACADS",0,0
"MED13L",6,0
"CDKN2C",0,0
"ITPR2",4,0
"GIPC1",1,0
"ATP7B",1,0
"OPTN",2,1
"TSFM",4,1
"NCKAP1L",1,0
"MMP19",1,0
"HOXC13",1,0
"LRP1",3,1
"SARDH",0,0
"DBH",1,1
"STIL",0,0
"COL10A1",3,1
"NDUFAF4",0,0
"USP45",1,0
"PLP1",0,0
"TTC21B",1,0
"KCNJ2",1,0
"EXOSC9",1,0
"B9D2",2,1
"COQ8B",2,1
"AGO2",0,0
"OBSL1",2,1
"SLC12A5",2,0
"PIGT",0,0
"VAPB",0,0
"ATP5F1E",1,1
"ARFGEF2",0,0
"ZNFX1",2,1
"EDN3",0,0
"PTGIS",0,0
"STX16",2,1
"PCK1",0,0
"MTRR",2,1
"PEPD",0,0
"CHST8",0,0
"IQSEC2",0,0
"VAMP7",0,0
"STAMBP",0,0
"MCEE",1,0
"POF1B",0,0
"NDP",1,0
"USP9X",1,0
"F13A1",1,0
"SERPINB6",0,0
"PEX6",1,1
"NQO2",2,0
"AARS2",1,1
"RPS10",1,1
"MOCS1",2,1
"GNMT",1,1
"DNAH8",5,0
"CDKN1A",0,0
"SOX4",0,0
"RREB1",2,0
"ATXN1",3,1
"RUNX2",3,1
"GCM2",3,1
"MYRF",2,0
"WNT1",0,0
"CNOT1",5,1
"BBS2",1,1
"GOT2",1,0
"SLC10A2",0,0
"IRF1",0,0
"UPF3B",0,0
"NDUFA1",1,1
"BMP4",0,0
"PTGER2",0,0
"SOX9",1,0
"MYH2",1,0
"MRPS7",2,1
"NUP85",0,0
"SLC25A19",1,0
"MSTO1",6,1
"MBOAT7",1,0
"IL1B",0,0
"IL37",0,0
"PAX8",2,0
"POLR1B",0,0
"CLPP",1,0
"GRIA3",1,0
"THOC2",2,0
"CD70",1,0
"C3",1,1
"OPA3",1,0
"RTN2",1,0
"PANK2",2,0
"TGM3",0,0
"FOXA2",0,0
"GZF1",0,0
"PAX1",0,0
"NAPB",1,0
"RBCK1",0,0
"SNRPB",2,1
"BMP2",0,0
"FLRT3",1,1
"OVOL2",4,1
"MKKS",0,0
"BFSP1",1,0
"MGME1",2,1
"TBC1D20",1,0
"ITPA",0,0
"MCM8",2,0
"HNRNPR",0,0
"MAX",5,1
"GDF5",2,1
"CEP250",1,1
"KDM5C",1,1
"UROD",0,0
"ST3GAL3",5,0
"TMEM53",1,1
"XRCC3",3,1
"F10",2,0
"SLURP1",0,0
"UBA2",0,0
"COX6B1",0,0
"THRA",2,1
"IRF3",1,1
"RRAS",0,0
"PRR12",1,0
"FLRT1",3,1
"ASL",1,1
"SBDS",1,0
"WNK4",1,1
"PRKCG",0,0
"GLIS2",1,0
"NSRP1",5,0
"AHDC1",0,0
"EMG1",0,0
"SSX1",0,0
"CFP",0,0
"SIX1",0,0
"TRMT5",4,1
"NUP214",3,0
"AVPR2",1,1
"MAP2K2",0,0
"TIMM8A",0,0
"ZC4H2",0,0
"PPCS",2,1
"BCL11B",1,0
"MASP1",0,0
"IDUA",1,1
"FGFRL1",0,0
"EMC1",2,1
"ADGRE2",1,1
"SIN3B",1,0
"EPS15L1",3,0
"GFER",1,0
"MACF1",6,1
"SMARCA4",2,0
"KDM4B",0,0
"TICAM1",0,0
"TUBA4A",2,1
"PNKD",3,1
"RNF6",1,0
"ECHS1",1,0
"AKAP9",0,0
"SEM1",1,1
"PTPN12",0,0
"POR",4,0
"GNAI1",0,0
"PEX1",1,0
"SGCE",0,0
"SRD5A3",2,0
"SPINK2",1,0
"PAICS",0,0
"KDR",1,0
"TUBGCP6",0,0
"DGCR8",4,1
"ADORA2A",2,1
"A4GALT",0,0
"IGLL1",1,1
"APOL2",0,0
"RAC2",1,1
"KRT17",1,1
"POT1",1,0
"PODXL",1,0
"FOXP2",4,0
"FLNC",1,0
"SMO",1,0
"IRF5",0,0
"FEZF1",1,0
"OPN1SW",0,0
"MTX2",0,0
"PDE11A",7,0
"CHN1",1,0
"GAD1",1,0
"HOXD10",1,1
"HOXD13",0,0
"HERC2",1,0
"SNRPN",4,1
"PSMG2",2,1
"EIF2AK4",2,0
"TTBK2",2,0
"CCDC32",2,0
"DLL4",0,0
"ALDH1A2",11,1
"IVD",0,0
"KNSTRN",0,0
"DUT",1,1
"CLN6",3,1
"VPS13C",1,0
"LOXL1",1,0
"MBD4",0,0
"COPB1",3,1
"PALLD",8,1
"MYOD1",0,0
"KCNC1",0,0
"CSRP3",1,0
"AIPL1",1,0
"KIF1C",1,0
"MPDU1",3,1
"NRL",2,1
"QRICH2",0,0
"FOXJ1",1,0
"RHBDF2",0,0
"FGF13",3,0
"TTI2",3,1
"CDKN1C",1,0
"SGO1",1,0
"CDH15",0,0
"DOHH",0,0
"TNNI3",1,1
"GAMT",0,0
"ERMARD",1,0
"KCNA5",0,0
"DOCK6",3,1
"LDLR",2,1
"PRKCSH",2,1
"APOE",0,0
"TOMM40",1,0
"DPP6",5,0
"KIF1A",0,0
"GTPBP3",0,0
"PLVAP",1,0
"COLGALT1",0,0
"RTN4IP1",1,0
"QRSL1",1,0
"RSPH3",0,0
"ACTN4",2,0
"NDUFA10",1,0
"EPO",0,0
"ARPC1B",2,1
"ZSWIM6",3,0
"FCHO1",0,0
"UNC13A",1,0
"SCO2",1,0
"PXDN",0,0
"TRPM4",0,0
"SAG",0,0
"TNNT3",1,0
"TNNI2",0,0
"COL5A1",1,0
"ATXN10",2,0
"TUBGCP2",2,1
"MNX1",1,0
"GATA5",0,0
"LAMA5",3,1
"OSBPL2",0,0
"ASS1",1,0
"PRDM12",0,0
"EXOSC2",0,0
"POMT1",2,1
"TRIM28",0,0
"EIF2S3",1,0
"CCDC62",0,0
"ANGPTL6",1,1
"DNMT1",3,0
"SLC6A8",1,1
"DKC1",2,0
"UBE4B",3,0
"CASZ1",0,0
"HSD17B3",3,1
"FBP2",1,1
"UBA1",1,1
"SYNE1",5,1
"COX4I2",0,0
"ZNF341",3,0
"EDA2R",0,0
"ARHGEF9",2,1
"GFAP",2,1
"ATP6V1E1",0,0
"ZNF141",3,0
"COX4I1",1,1
"CHMP1A",1,1
"COX7B",0,0
"SLC34A1",0,0
"F12",1,1
"PPT1",0,0
"RLIM",0,0
"ABCB7",0,0
"TRAF3",3,0
"MRPS25",1,1
"SLC6A6",1,0
"KCNC3",1,1
"PDLIM4",1,1
"TUBG1",1,1
"RPL27",0,0
"PSMC3IP",1,1
"NDUFA2",2,0
"DIAPH1",3,0
"ANO1",2,0
"THOC6",2,1
"TRAF7",1,1
"NPHP4",2,0
"MAP1B",1,0
"TOP2A",1,0
"RARA",1,0
"PEX11B",0,0
"FSHB",0,0
"PDHA1",1,0
"MCCC2",1,0
"CHSY1",0,0
"NR0B2",1,1
"THAP1",0,0
"GCH1",3,0
"CC2D1A",1,1
"MATN3",1,0
"DHX30",1,0
"RAF1",2,1
"PPARG",1,0
"PTCD3",1,0
"PER2",2,0
"INPP5K",0,0
"RPA1",3,1
"SERPINF1",1,0
"POPDC3",1,0
"DDC",1,1
"ENAM",1,1
"ANKRD17",1,0
"ITGB4",1,1
"WBP2",0,0
"EIF5A",1,1
"KDM6B",0,0
"SLC52A1",0,0
"GUCY2D",0,0
"DLG4",1,1
"VPS13B",13,1
"REEP2",0,0
"ERAL1",1,1
"PRMT7",4,0
"VPS4A",3,1
"SNAP25",1,0
"PCNA",1,0
"POLR3F",2,1
"RIN2",0,0
"DCAF8",4,1
"IGHMBP2",0,0
"MMACHC",2,1
"DPH2",0,0
"TOE1",2,1
"MUTYH",1,1
"CTNNBL1",0,0
"DMGDH",8,1
"AP3B1",3,0
"ANGPTL3",1,1
"DCTN4",0,0
"PDE6A",2,0
"ATP8A2",7,0
"POMP",0,0
"CDK8",0,0
"ALOX5AP",0,0
"CHRM3",3,0
"MYH8",1,0
"SCO1",2,1
"CHI3L1",0,0
"DSTYK",1,0
"SLC41A1",0,0
"COG6",2,0
"SPART",2,0
"RFXAP",0,0
"KL",1,0
"TBC1D8B",1,1
"EPHB2",4,0
"PDE6B",1,0
"MYH11",1,0
"MORC2",1,0
"LARGE1",5,0
"MYO18B",5,1
"ATP13A3",3,0
"KRAS",2,1
"IPO8",0,0
"SPINK5",0,0
"IMPA1",0,0
"AMPD3",1,0
"SBF2",6,1
"RRAS2",0,0
"HSD17B4",5,1
"TEX15",0,0
"DPF2",0,0
"MEN1",0,0
"GSC",0,0
"COX16",1,0
"VHL",1,0
"MEIS2",2,0
"TRPM1",2,0
"GNAT2",0,0
"TSHB",0,0
"GSTM3",2,1
"HMGCS2",0,0
"PTPN22",2,0
"WNT2B",0,0
"NOTCH2",0,0
"NGF",1,0
"AP4B1",2,0
"KIDINS220",0,0
"MYCN",1,1
"LPIN1",4,1
"LDHA",1,0
"ANO3",4,1
"IL6ST",2,0
"CDC73",2,1
"CRB1",3,0
"CFHR5",0,0
"RPS15A",1,1
"IL2RA",2,1
"KCTD1",3,0
"DOCK2",3,1
"SOX5",1,0
"SLCO1B1",1,1
"LRP4",1,0
"MYBPC3",0,0
"DDB2",1,0
"SOX3",0,0
"MTNR1B",0,0
"PUM1",5,0
"DSC2",2,0
"DSG3",0,0
"ELP2",0,0
"DSG1",2,0
"DSC3",0,0
"DTNA",3,0
"FHOD3",2,0
"TMEM165",2,0
"PDGFRA",1,1
"COL4A2",4,1
"CLDN10",2,0
"DZIP1",1,1
"UBAC2",6,0
"ERCC5",1,1
"TPP2",0,0
"CARS2",1,1
"STT3A",2,1
"APC",3,0
"WDR36",1,0
"AGTPBP1",0,0
"PSAT1",0,0
"ISCA1",0,0
"HAVCR2",2,0
"HNF1A",2,0
"TBX3",0,0
"CD36",4,1
"PNPLA8",3,1
"RINT1",1,0
"MDFIC",0,0
"MTO1",3,0
"SNX14",2,1
"NT5E",0,0
"MRAP2",0,0
"LCA5",0,0
"MAP3K7",0,0
"PHF21A",2,0
"PRPH",1,0
"AVIL",4,1
"AMHR2",0,0
"GDF11",1,0
"ITGA7",3,1
"RDH5",1,1
"KRT85",0,0
"CDK4",2,1
"B4GALNT1",1,1
"HNRNPA1",1,0
"MIP",1,0
"CD164",0,0
"AHI1",3,0
"HEY2",1,0
"MICAL1",1,1
"REPS1",1,1
"STX11",0,0
"DYSF",0,0
"GNS",0,0
"MDM2",4,1
"BCO1",0,0
"AGT",1,0
"EGLN1",0,0
"COG2",0,0
"GLUL",0,0
"RNASEL",0,0
"PIGC",2,1
"SP110",3,0
"MRPL44",1,0
"CHRND",0,0
"PAX3",1,1
"SLC19A3",1,0
"DNAJB2",0,0
"WNT10A",0,0
"CYP27A1",0,0
"ARMC9",2,0
"TSGA10",3,1
"TMEM127",0,0
"EDAR",0,0
"ISCU",0,0
"SCYL2",0,0
"WASHC4",0,0
"FLNB",1,0
"RNASEH2B",1,0
"THSD1",1,0
"SUCLA2",2,1
"RCBTB1",0,0
"ITM2B",0,0
"SPRY2",0,0
"NUDT15",1,1
"EDNRB",0,0
"GPNMB",0,0
"RAC1",0,0
"KDELR2",2,1
"IL6",1,0
"CCM2",0,0
"TTC5",2,0
"NKX2-1",2,0
"ZFHX2",2,1
"MTHFS",2,0
"IREB2",1,0
"ALPK3",1,0
"CIB2",2,1
"TACO1",0,0
"BRIP1",0,0
"SCN2A",1,0
"TBR1",3,1
"BLK",4,0
"GATA4",0,0
"VPS45",0,0
"IL10",0,0
"IL1RN",0,0
"IL36RN",1,0
"CFC1",0,0
"SMPD4",1,1
"CCDC115",1,0
"BIN1",0,0
"HS6ST1",0,0
"GYPC",1,0
"YME1L1",1,1
"LRRC8A",1,1
"TOR1A",0,0
"STXBP1",2,0
"CDK5RAP2",0,0
"TLR4",1,0
"ALDOB",0,0
"PRPF4",1,1
"BAAT",1,0
"KIF12",0,0
"DPM2",1,0
"GABBR2",1,1
"NR5A1",0,0
"XPA",0,0
"RPL35",1,1
"LMX1B",2,0
"MYC",0,0
"PLAA",1,1
"IL11RA",3,1
"APTX",2,0
"DMRT1",0,0
"GRHPR",2,0
"CNPY3",0,0
"PPIL1",1,1
"TFAP2A",1,0
"IRF4",0,0
"TUBB2A",0,0
"RIPK1",1,0
"TUBB2B",1,1
"UQCC2",1,0
"HMGA1",0,0
"TPMT",0,0
"VARS2",1,1
"TAF8",0,0
"TLR2",0,0
"TTC29",1,0
"MYO7A",0,0
"IL18BP",1,1
"NUMA1",6,1
"LRRC32",1,0
"NARS2",2,0
"TTPA",0,0
"NEK1",0,0
"SORL1",1,0
"TRPC6",3,0
"MMP20",1,0
"CFAP300",1,0
"YAP1",1,0
"SLC37A4",1,1
"BTG4",0,0
"RDX",0,0
"PPP2R1B",1,1
"FXYD2",4,1
"ALKBH8",0,0
"SQOR",1,1
"MAPKBP1",2,1
"NDUFAF1",0,0
"KIF23",2,0
"KNL1",3,0
"TUBGCP4",2,1
"SMAD6",0,0
"ADAM10",4,0
"STRA6",1,0
"CYP19A1",4,1
"BRDT",0,0
"ARHGAP29",3,0
"DBT",3,0
"IFT172",3,1
"SELENOI",1,1
"HADHB",1,1
"KHK",1,0
"ADCY3",1,1
"PPM1B",1,0
"PNPT1",0,0
"DYNC2LI1",0,0
"LHCGR",3,1
"CYP1B1",3,1
"SLC5A6",1,0
"ABCG5",0,0
"PREPL",1,1
"SLC3A1",1,1
"EMILIN1",0,0
"FBXO11",4,1
"SIX3",1,0
"LRPPRC",1,0
"CYP2C9",1,0
"MYOF",0,0
"LBX1",1,0
"ATAD1",2,0
"KIF11",1,1
"ARL3",0,0
"CEP55",1,0
"ENTPD1",3,1
"PLCE1",8,1
"RBP4",1,1
"DBR1",0,0
"DNAJC13",0,0
"FAM149B1",3,0
"ASCC1",3,0
"ZNF365",1,0
"RPS24",0,0
"DNA2",2,0
"MYPN",1,0
"ATIC",0,0
"SMARCAL1",3,0
"BARD1",0,0
"STAT4",2,0
"MSTN",1,1
"METTL5",2,1
"HECW2",3,0
"IDH1",1,0
"CHRNA1",1,0
"SLC40A1",0,0
"MNS1",1,1
"USP8",5,1
"SPPL2A",1,1
"HCN4",1,0
"SEMA7A",0,0
"ARHGAP24",2,0
"FAM13A",1,0
"PRKG2",1,0
"SEC31A",2,1
"FGF5",1,1
"IL21",1,1
"BBS7",0,0
"BMPR1B",0,0
"PRDM5",2,0
"TRPC3",0,0
"FRAS1",3,0
"SCARB2",0,0
"PPA2",1,0
"CENPE",0,0
"HADH",0,0
"EGF",1,0
"PPP3CA",2,1
"SLC39A8",2,0
"MTTP",2,1
"FBN2",2,1
"MAPK8IP3",4,1
"PDE6H",0,0
"ETV6",0,0
"KIF21A",1,0
"YARS2",1,1
"FGD4",1,0
"PLCZ1",2,0
"PRICKLE1",3,1
"NDUFA9",5,1
"VAMP1",1,1
"CD27",2,1
"PEX5",1,0
"COL2A1",0,0
"TPH2",2,1
"PTPRQ",3,0
"DUSP6",0,0
"POC1B",4,1
"TMTC3",0,0
"SYCP3",1,1
"ASCL1",1,1
"MMAB",2,0
"PDX1",1,0
"SUOX",0,0
"CCDC65",4,1
"SLC39A5",1,0
"DHH",1,0
"ACVRL1",0,0
"SMARCC2",2,0
"BRCA2",1,0
"LPAR6",1,1
"RB1",3,1
"SETD1B",0,0
"VPS33A",1,1
"DIAPH3",3,0
"RDH12",3,0
"ESR2",3,1
"AK7",2,0
"SLC24A4",0,0
"FBLN5",0,0
"NIPA2",1,1
"SLC12A6",2,0
"TCF12",3,1
"SORD",3,0
"DUOXA2",2,1
"DUOX2",1,1
"HDC",1,0
"CDAN1",0,0
"PSTPIP1",0,0
"ETFA",2,1
"SCAPER",3,0
"MAN2C1",1,0
"TPM1",2,0
"IGF1R",3,0
"CYP11A1",2,0
"BBS4",0,0
"PML",0,0
"ADAMTS17",4,0
"LINS1",3,0
"POLG",1,1
"RLBP1",0,0
"FANCI",1,1
"UNC45A",3,1
"MCTP2",1,0
"EFL1",1,0
"PMM2",3,1
"SLC5A2",2,1
"ARMC5",1,0
"PARN",1,0
"FTO",5,0
"UQCRC2",0,0
"DHX38",2,1
"ZFHX3",7,0
"KATNB1",0,0
"ADAMTS18",3,0
"GCSH",1,0
"CDH11",0,0
"NOL3",1,0
"MBTPS1",0,0
"IRF8",0,0
"RPL3L",0,0
"NDUFB10",0,0
"GALNS",2,1
"GAS8",3,1
"MYOCD",3,0
"UNC45B",2,0
"VPS53",5,1
"ARSG",4,0
"G6PC3",0,0
"CLTC",1,1
"BCAS3",14,0
"PTRH2",2,1
"TAF4B",5,0
"AFG3L2",1,1
"GNAL",5,0
"ASXL3",0,0
"GATA6",3,0
"GREB1L",3,0
"NPC1",2,1
"SLC13A5",0,0
"ZMYND15",0,0
"WRAP53",2,1
"PIK3R5",0,0
"TP53",2,1
"CCDC40",0,0
"ARHGDIA",1,0
"TMC6",2,0
"CARD14",2,1
"EIF4A3",0,0
"CSNK1D",3,1
"TBCD",1,0
"ZNF750",1,1
"WDR45B",1,1
"DYM",5,0
"SMAD4",2,1
"TNFRSF11A",2,0
"ERBB2",3,1
"FKBP10",0,0
"TXNL4A",0,0
"CACNA1A",1,0
"BRD4",0,0
"SH3GL1",1,0
"DPP9",1,0
"COL6A1",0,0
"IFNAR1",1,0
"SOD1",1,0
"COL6A2",0,0
"SIK1",0,0
"SCYL1",0,0
"APP",3,0
"AKT1",1,0
"ADAMTS10",1,0
"SLC6A3",1,0
"NLRP12",0,0
"ACP4",1,0
"RERE",8,0
"MMEL1",2,1
"PRDM16",1,0
"CELA2A",1,1
"PADI3",1,0
"EPHA2",1,0
"PEX14",2,1
"RPL11",0,0
"KIAA0319L",2,1
"PLK4",1,0
"FCN3",0,0
"HSPG2",2,1
"BCL10",1,0
"PRKACB",1,0
"PIGK",2,0
"PTPRF",0,0
"IGSF3",1,0
"GPR161",0,0
"TBX19",0,0
"TMCO1",3,1
"ADCY10",2,0
"NECTIN4",1,0
"UFC1",1,0
"PPOX",1,1
"FCGR2A",0,0
"SDHC",0,0
"F13B",0,0
"PRCC",1,1
"PIGM",0,0
"CASQ1",0,0
"XPR1",1,0
"TOR1AIP1",1,0
"HMCN1",1,0
"PRUNE1",1,0
"RORC",1,1
"SF3B4",0,0
"ECM1",0,0
"ZNF687",2,1
"TARS2",0,0
"ADAMTSL4",3,1
"CTSK",1,0
"RFX5",2,0
"SELENBP1",0,0
"POGZ",1,0
"SYT14",0,0
"KCNH1",2,0
"TAF1A",1,0
"FLG2",1,0
"TPM3",2,0
"HAX1",0,0
"KCNN3",1,0
"GATAD2B",1,1
"RIT1",0,0
"PKLR",1,1
"FLG",1,0
"ACTA1",0,0
"GALNT2",2,0
"LYST",4,0
"DEGS1",1,0
"FBXO28",0,0
"ARF1",1,0
"PSEN2",0,0
"PYCR2",1,1
"LBR",1,0
"REN",0,0
"SYT2",2,0
"GALM",1,0
"CAMKMT",0,0
"ABCG8",0,0
"CALM2",3,1
"WDPCP",9,1
"ASXL2",3,0
"SNRNP200",0,0
"TPRKB",0,0
"EXOC6B",3,0
"NPHP1",2,0
"LIPT1",4,1
"CNGA3",2,1
"AFF3",1,0
"SCN1A",2,0
"LNPK",0,0
"CDCA7",1,0
"HSPD1",3,1
"UNC80",1,0
"ABCA12",2,0
"SUMF1",4,1
"ACKR3",0,0
"DIS3L2",3,0
"FANCD2",3,0
"GMPPA",1,0
"POMGNT2",1,0
"SLC25A38",0,0
"IQSEC1",1,0
"IL17RD",1,0
"SHQ1",1,0
"SLC25A26",3,0
"RABL3",3,1
"AGTR1",0,0
"MED12L",9,1
"SPATA16",1,0
"LPP",5,1
"RUBCN",2,1
"AMT",0,0
"CCDC39",7,1
"ILDR1",0,0
"EIF2B5",21,1
"AHSG",0,0
"FIP1L1",17,1
"SLC26A1",2,1
"CORIN",2,0
"SCD5",3,0
"TRMT10A",1,1
"SNCA",2,0
"TBCK",1,1
"CISD2",1,0
"ANK2",6,0
"SPATA5",2,1
"USP53",1,1
"CYP4V2",1,0
"NDUFS6",0,0
"OSMR",1,1
"PIK3R1",0,0
"RASA1",3,1
"PPIP5K2",1,1
"BDP1",1,0
"MEGF10",0,0
"ADAMTS19",2,0
"YIPF5",0,0
"ARHGAP26",2,0
"GABRB2",1,1
"FBXO38",1,0
"GLRA1",2,0
"NHP2",1,1
"KCNMB1",2,1
"TBC1D7",2,1
"FARS2",4,0
"KLHL3",1,0
"DCDC2",1,1
"PLA2G7",1,1
"DAAM2",3,1
"MLIP",4,0
"SCUBE3",0,0
"PHIP",2,0
"RARS2",0,0
"PNLDC1",0,0
"EGFR",2,0
"MDH2",0,0
"PSPH",0,0
"TLK2",2,0
"NCAPG2",0,0
"ASB10",0,0
"NLGN4X",1,0
"CLTRN",1,0
"SH3KBP1",0,0
"CASK",10,1
"KDM6A",1,0
"MSN",0,0
"HDAC8",1,0
"SLC16A2",2,1
"NDUFB11",1,1
"TAF1",6,1
"NONO",1,1
"EBP",0,0
"OGT",0,0
"IL2RG",0,0
"GCNA",0,0
"ZNF711",1,0
"DIAPH2",5,1
"PRPS1",0,0
"IGSF1",3,0
"GPC3",3,0
"RBMX",2,0
"MCPH1",4,1
"NSDHL",0,0
"RPL10",2,1
"CSGALNACT1",1,0
"ATP6V1B2",0,0
"GNRH1",0,0
"STAR",2,1
"PLPBP",0,0
"ERLIN2",2,1
"CRH",0,0
"MRPS28",1,1
"PMP2",1,1
"DPYS",4,0
"LRP12",1,0
"RSPO2",1,0
"NDUFB9",2,1
"SLC39A4",0,0
"VLDLR",1,0
"NFIB",2,0
"CDKN2B",2,1
"CDKN2A",2,1
"SIGMAR1",0,0
"CEP78",0,0
"NTRK2",0,0
"AUH",0,0
"ZNF462",3,0
"GSN",5,1
"CRB2",1,1
"ALAD",0,0
"SURF1",1,1
"CIZ1",1,1
"LRSAM1",1,0
"INPP5E",0,0
"NOTCH1",2,0
"CACNA1B",1,0
"PDSS1",3,1
"ZEB1",3,1
"CDHR1",0,0
"RGR",0,0
"POLR3A",0,0
"LRMDA",8,0
"CAMK2G",2,0
"GLUD1",1,0
"ANKRD1",0,0
"ADD3",1,0
"HABP2",1,1
"VAX1",0,0
"TCF7L2",2,0
"CYP17A1",1,0
"NKX6-2",0,0
"CNNM2",0,0
"PGAP2",2,1
"SERPING1",0,0
"PTPRJ",2,0
"HIKESHI",1,0
"TENM4",6,0
"SERPINH1",0,0
"CAPN5",1,1
"PAK1",1,1
"TTC12",1,0
"DRD2",2,0
"ATM",4,1
"ST14",0,0
"HYOU1",1,0
"TKFC",2,1
"TMEM138",1,1
"ROM1",1,1
"ZP1",0,0
"MS4A2",0,0
"B3GAT3",0,0
"MPZL2",0,0
"SCN2B",0,0
"JPH2",0,0
"FERMT3",1,1
"PLCB3",0,0
"VPS51",3,1
"TBX6",0,0
"ALDOA",0,0
"HMGA2",5,1
"CNKSR2",2,0
"PCDH15",11,0
"TMEM218",0,0
"HNMT",0,0
"VEGFC",1,0
"CCT5",0,0
"DLAT",4,1
"PTS",5,1
"FREM2",3,0
"FOXO1",1,0
"SEC24D",0,0
"DHX37",0,0
"ITPR1",2,1
"CACNA2D4",2,0
"CACNA1C",10,1
"THRB",3,0
"NGLY1",4,0
"UBE3B",1,1
"ANK3",3,0
"MAT1A",0,0
"EXT2",0,0
"NUBPL",4,0
"VIPAS39",1,1
"FRMD4A",11,1
"PTPRO",2,1
"EPS8",4,1
"ACAD8",0,0
"NCAPD3",4,1
"QDPR",0,0
"DRD3",0,0
"MMAA",2,1
"EDNRA",1,0
"NR3C2",1,1
"AKR1C2",2,1
"PIGF",2,1
"ADAM17",3,1
"FLI1",2,1
"KCNJ1",0,0
"SLC25A4",0,0
"NBAS",1,0
"GUF1",1,1
"GABRA2",1,0
"SACS",2,1
"CENPJ",0,0
"GFRA1",0,0
"DST",3,0
"BAG3",0,0
"AP1S3",0,0
"PTPN14",3,0
"HSPB8",2,1
"POU4F1",1,0
"CYSLTR2",0,0
"GRID2",5,0
"SETBP1",1,0
"EPG5",0,0
"ATP5F1A",1,1
"XRCC4",3,1
"DCLRE1C",1,1
"CCDC50",1,1
"TRIM36",1,0
"PFKM",1,1
"GRIA4",4,0
"SPEF2",2,1
"DMP1",1,0
"NADK2",1,0
"GPD1L",1,0
"GJA1",0,0
"CCNO",0,0
"SAR1B",2,0
"SLC16A12",1,0
"PRDM8",1,0
"HNRNPDL",0,0
"GRM1",3,0
"GGPS1",2,1
"MARVELD2",1,0
"PLOD2",1,0
"ZIC1",1,1
"CWC27",0,0
"ANAPC1",2,0
"CAST",6,1
"BMP6",1,1
"HNRNPU",1,0
"RANBP2",0,0
"MERTK",3,0
"NR4A2",0,0
"SCN3A",2,0
"CD96",4,1
"ING1",1,1
"CD8A",0,0
"RPIA",0,0
"KCNJ16",2,0
"TRIP12",2,1
"LGI4",3,1
"CHD1",1,0
"DGKE",1,1
"HS2ST1",6,1
"CACNA2D1",2,0
"NUS1",0,0
"SEMA3D",1,0
"GRAP",1,1
"DNAAF1",1,1
"JPH3",4,1
"ANKH",2,0
"OTULIN",0,0
"ROBO4",2,0
"ROBO3",0,0
"RETREG1",1,0
"ANGPT1",1,0
"CERS3",1,1
"LRRK1",3,0
"CEP112",3,1
"ABCA5",2,1
"UCHL1",1,0
"MIA3",2,0
"DISP1",3,0
"TNIK",2,0
"WNT3A",0,0
"PPP1R3A",0,0
"BUB3",0,0
"MMP21",0,0
"ATP5MC3",2,0
"TMPRSS15",1,0
"PDE1C",2,0
"JAM2",3,1
"TSEN2",4,1
"WNT7A",0,0
"XPC",3,0
"CCDC174",0,0
"FLCN",3,1
"APCDD1",0,0
"PIEZO2",4,0
"CYP2U1",2,0
"AK9",2,0
"OTUD6B",0,0
"CDK19",4,0
"ZFYVE27",0,0
"SLC16A1",2,0
"HEATR3",3,0
"SLC7A7",1,1
"GRIA1",3,1
"NUP205",0,0
"TTN",10,1
"OTOA",0,0
"C2CD6",7,0
"TMEM237",1,0
"SPAG17",1,1
"FMN2",7,0
"SLC26A2",1,0
"LSM11",1,0
"RASA2",2,0
"RMND1",1,0
"RAB39B",0,0
"CLIC2",3,0
"AFF2",2,0
"GRIP1",2,0
"VPS37A",2,1
"KIF5A",0,0
"CFAP70",6,1
"GNA14",3,0
"GNAQ",0,0
"ADK",8,0
"KCNMA1",6,0
"ADAMTS3",1,0
"ALX3",2,0
"NDUFAF6",9,1
"DRAM2",1,1
"TSPAN7",2,1
"TIAM1",2,1
"RPGR",2,1
"TDRD9",3,0
"GDF6",0,0
"UQCRB",1,1
"PTDSS1",1,0
"PPP2R2B",5,0
"FBXO43",0,0
"HKDC1",2,0
"HK1",2,0
"PHF6",1,0
"CD109",1,0
"NODAL",1,1
"KAT6B",2,0
"AIFM1",0,0
"MS4A1",0,0
"NSMCE2",3,1
"PHKG2",2,0
"SASS6",2,0
"COX6A2",0,0
"ZIC3",0,0
"BUB1B",2,1
"PDE6D",1,1
"BRPF1",0,0
"GHRL",3,1
"ATP2B2",5,0
"SLC6A1",1,0
"KLHL40",0,0
"C8A",0,0
"SYN2",4,0
"CPT2",2,1
"MMP14",0,0
"GATAD1",1,0
"CACNA1D",2,0
"KIT",0,0
"HYDIN",5,0
"MYO1E",10,1
"APPL1",1,0
"DYRK1A",0,0
"KCNJ6",1,0
"CREB3L1",0,0
"BRAF",0,0
"SLC34A2",0,0
"ACAN",0,0
"WDR19",0,0
"DPYSL5",1,0
"DRC1",0,0
"RAB28",0,0
"PANK4",1,0
"PEX10",0,0
"SKI",0,0
"WIPI2",0,0
"LDLRAP1",0,0
"SLC30A2",0,0
"GRHL3",2,1
"HPD",1,0
"XDH",0,0
"CNNM4",1,0
"DZIP1L",1,0
"FANCC",5,1
"MRAS",0,0
"CUL4B",0,0
"SLC13A3",0,0
"GPRASP2",1,1
"AUTS2",0,0
"SHROOM4",2,0
"CATIP",2,0
"KCNB1",0,0
"NCF1",1,0
"TSR2",1,1
"ALAS2",1,1
"PPP1R15B",1,0
"PKD1L1",2,1
"EDA",3,0
"FGF17",0,0
"PINK1",2,0
"NDUFS2",1,1
"APOA2",1,1
"MPZ",0,0
"WNT9B",1,0
"EPB41",3,1
"ALG8",1,0
"CFAP298",1,0
"SYNJ1",0,0
"IFNAR2",2,1
"IFNGR2",2,0
"SON",4,1
"DONSON",3,1
"C1QC",0,0
"KCNE2",1,0
"RUNX1",8,0
"ACTC1",1,0
"CLDN14",4,0
"HLCS",5,1
"ATP13A2",1,0
"M1AP",2,0
"PSMB4",0,0
"C1R",1,1
"ALDH4A1",3,1
"TCHH",0,0
"UBR1",0,0
"RSPRY1",0,0
"ACE",2,1
"UROC1",0,0
"CTBP1",1,0
"AGRP",1,0
"CARMIL2",1,0
"NPR2",1,1
"GNE",2,1
"TNFRSF13C",0,0
"CALM3",2,1
"CCDC28B",1,0
"CPAMD8",3,0
"VMA21",0,0
"TMPRSS3",0,0
"RSPH1",2,1
"WDR4",0,0
"CBS",0,0
"CRYAA",0,0
"HSF2BP",2,0
"PDXK",1,0
"G6PD",1,1
"CSTB",0,0
"TRAPPC10",1,0
"AIRE",0,0
"ITGB2",1,0
"FTCD",1,0
"LSS",1,0
"MCM3AP",3,0
"PCNT",1,0
"ADAMTS13",1,1
"SPTBN4",0,0
"TAOK1",5,0
"MED27",1,0
"SIK3",5,0
"NEK8",3,1
"CD3G",0,0
"FLAD1",0,0
"VPS11",0,0
"ADAR",1,1
"IL6R",2,0
"CHRNB2",1,0
"ANO10",4,1
"FDPS",2,0
"LMNA",0,0
"NBEAL2",1,1
"PTH1R",2,1
"MYL3",1,1
"CYP3A4",0,0
"NACC1",2,0
"CYP11B1",1,1
"TONSL",1,0
"RECQL4",1,1
"FOXH1",1,1
"SQSTM1",2,1
"DVL3",1,1
"AP2M1",1,1
"PCYT1A",3,1
"NPHS1",2,1
"LRRC56",1,0
"PGAP3",1,1
"IKZF3",2,0
"FDXR",0,0
"ACOX1",3,0
"KLHL10",2,1
"HCRT",0,0
"NAGS",0,0
"EMC10",2,1
"AQP5",1,0
"RACGAP1",1,1
"LEMD2",0,0
"RPL26",2,1
"POLR3K",1,0
"CCDC78",2,1
"MEIOB",3,1
"HS3ST6",0,0
"CCNF",2,1
"TBC1D24",2,1
"CLPB",4,0
"LRP5",0,0
"TAL1",1,0
"COA7",0,0
"PARS2",0,0
"BSND",0,0
"SLC45A1",1,0
"SELENON",2,0
"JAK1",3,1
"CTRC",0,0
"PDPN",0,0
"SDC3",0,0
"ALPL",0,0
"WNT4",0,0
"IL23R",3,1
"NFIA",4,0
"MYSM1",0,0
"NEXN",1,0
"NTNG1",1,0
"HFM1",2,0
"GFI1",0,0
"KCNT2",1,0
"AGL",0,0
"CADM3",3,1
"NLRP3",0,0
"DDR2",1,0
"PEX19",2,1
"NCSTN",1,1
"VANGL2",0,0
"FCGR3B",2,1
"LMX1A",2,0
"FLVCR1",0,0
"PPP1R21",1,0
"PKDCC",0,0
"HAAO",0,0
"B3GALNT2",0,0
"WDR26",2,0
"REL",1,0
"PEX13",1,1
"DISC1",3,1
"NEUROD1",1,1
"FRZB",0,0
"ACTG2",0,0
"COQ8A",1,0
"EN1",0,0
"SGCB",0,0
"CFAP221",1,0
"BBS5",2,1
"SMARCAD1",0,0
"PDHA2",0,0
"MSX1",0,0
"SCNM1",4,1
"ERCC3",0,0
"BOLA3",0,0
"TGFA",2,0
"CRYGC",0,0
"GABRB1",2,1
"ANTXR2",1,0
"PMVK",0,0
"CLDN1",0,0
"COL6A3",0,0
"INAVA",0,0
"YY1AP1",4,1
"EOGT",1,0
"LMOD3",0,0
"NAXE",0,0
"POGLUT1",0,0
"ATP1A1",2,1
"PROK2",0,0
"LMOD1",1,0
"IGFBP7",5,0
"STK36",1,1
"NEK10",3,0
"CCDC141",4,0
"CRYBA2",0,0
"IHH",1,0
"EOMES",0,0
"TGFBR2",1,0
"STT3B",0,0
"NFASC",2,0
"SERPINI1",0,0
"SUCLG1",0,0
"NUAK2",0,0
"SPTA1",0,0
"SLC2A2",0,0
"CTLA4",0,0
"ICOS",0,0
"NEPRO",2,1
"WDFY3",4,0
"ALB",0,0
"ATXN7",1,0
"PPM1K",1,0
"CLRN1",3,1
"HESX1",0,0
"SLMAP",1,0
"DNASE1L3",0,0
"IL17RC",1,0
"CRELD1",1,0
"MTMR14",0,0
"GYG1",0,0
"HPS3",1,0
"ZNF513",0,0
"KIF15",3,1
"CLEC3B",2,1
"SLC6A20",0,0
"LZTFL1",3,1
"FYCO1",1,0
"CCR1",1,1
"ZNF148",3,1
"YEATS2",2,0
"SNIP1",1,0
"LIPH",0,0
"IFT122",0,0
"RHO",0,0
"BAP1",1,1
"TKT",0,0
"PRKCD",0,0
"RFT1",0,0
"PBRM1",4,1
"UVSSA",2,0
"LRPAP1",1,1
"SLC51A",1,0
"RNF168",0,0
"CLDN19",0,0
"AIMP1",1,1
"SGMS2",2,0
"ATRIP",1,1
"INTU",0,0
"MFSD8",1,0
"MST1R",2,1
"POC1A",0,0
"PITX2",0,0
"PRSS12",0,0
"HAND2",1,1
"ANXA5",0,0
"GUCY1A1",0,0
"HPGD",0,0
"NAA15",2,1
"ITGA2",1,0
"MOCS2",1,0
"SLC45A2",1,0
"NDUFAF2",1,1
"LMBRD2",1,0
"NIPBL",1,0
"ADGRV1",2,1
"SLC25A46",1,1
"AGGF1",0,0
"NDUFS4",1,0
"SCGB3A2",1,0
"SPINK1",0,0
"ARSK",0,0
"PRIMPOL",1,1
"ERAP1",2,1
"CARTPT",0,0
"TLR3",0,0
"KLKB1",1,1
"GFM2",3,1
"TERT",0,0
"GDF9",1,0
"UQCRQ",1,1
"GRIK2",1,0
"CITED2",0,0
"TBXT",0,0
"PDSS2",7,0
"IL31RA",0,0
"ANKRD55",4,0
"TBX20",0,0
"RPS14",0,0
"HCN1",3,0
"COG5",5,1
"RP9",0,0
"BMPER",0,0
"SHH",0,0
"COL1A2",0,0
"CTSB",1,0
"SOX17",0,0
"DLC1",3,0
"ADCY1",0,0
"PEX2",0,0
"RAD21",3,1
"SLC30A8",4,0
"TNFRSF11B",0,0
"SPIDR",5,0
"DNAAF5",1,1
"OXR1",4,0
"NOS3",1,1
"INTS1",0,0
"CDK5",1,1
"ALDH7A1",1,0
"FZD6",1,0
"CTHRC1",0,0
"SLC25A32",1,1
"INTS8",1,1
"FREM1",1,0
"PDP1",1,0
"TMEM67",0,0
"WASHC5",2,0
"MYORG",0,0
"NUDT2",0,0
"UBAP1",7,1
"SYK",0,0
"ABCA1",1,0
"PRKACG",0,0
"FXN",0,0
"CPA6",3,0
"TMC1",3,0
"HGSNAT",0,0
"HNRNPK",2,0
"TRPV6",1,0
"ANKS6",0,0
"FBP1",0,0
"CFAP47",0,0
"CYBB",1,1
"METTL27",0,0
"PTCHD1",1,0
"PCDH19",0,0
"PIGA",0,0
"GAPVD1",2,0
"ATP7A",2,1
"VCP",0,0
"PIGO",1,0
"BRWD3",1,0
"GPR101",0,0
"CLDN2",2,1
"WRN",2,0
"TSHR",6,1
"CFL2",0,0
"INPPL1",1,1
"PHOX2A",1,1
"MBL2",0,0
"GJB2",0,0
"HEPACAM",1,1
"RPL10L",0,0
"DNAAF2",1,0
"NEMF",3,1
"TTC8",1,0
"TMEM63C",6,1
"OTX2",0,0
"DACT1",0,0
"SOHLH1",0,0
"SLC18A2",1,0
"PDZD8",1,0
"NSD1",2,0
"PRDX3",0,0
"PMPCA",0,0
"FRMD7",1,0
"TSC1",0,0
"GFI1B",4,1
"HPRT1",0,0
"STOX1",1,0
"RET",0,0
"BMS1",1,0
"NSMF",0,0
"SALL2",1,0
"ISCA2",1,1
"OTOGL",1,0
"SLC39A13",1,0
"PSMC3",0,0
"RAPSN",1,0
"SERPINA12",0,0
"SLC6A5",0,0
"CACNB2",3,0
"HACD1",0,0
"KCNC2",1,0
"HTRA1",0,0
"LIPC",3,1
"CEP57",2,1
"SPRED1",0,0
"JAM3",2,1
"GPT2",0,0
"AMN",2,1
"NDUFB8",3,1
"ZFYVE19",1,1
"FBN1",0,0
"BTRC",2,0
"BAG5",2,0
"HPS6",0,0
"GABRB3",3,1
"SGPL1",1,0
"PCBD1",0,0
"CLMP",2,0
"SCN3B",0,0
"C2",4,1
"SMPD1",0,0
"TRIM44",0,0
"TPP1",1,0
"DCHS1",2,1
"CYB5A",0,0
"RAG1",1,0
"SERPINB7",0,0
"SERPINB8",1,1
"TUB",3,1
"LMO1",0,0
"IDH3A",3,1
"WDR72",1,0
"MCM7",4,0
"A2ML1",1,0
"BEAN1",4,1
"TK2",4,1
"SLC38A8",1,0
"CFAP52",2,0
"MC4R",0,0
"COG1",2,0
"B2M",1,0
"ZNF592",1,1
"AP1G1",1,0
"CATSPER2",4,1
"PPIB",1,1
"FAM111A",1,0
"KIF7",1,1
"LDHD",0,0
"PLIN1",1,0
"SCNN1G",1,0
"TERF2IP",4,1
"CLPX",0,0
"CACNG2",0,0
"TAC3",1,1
"NAB2",1,1
"STAT6",3,1
"STX3",6,1
"GREM1",1,0
"EPB42",5,1
"SMAD3",1,1
"MAPRE2",0,0
"TERB2",3,0
"MEI1",3,0
"SUN5",0,0
"COQ4",1,1
"SLC27A4",1,0
"COQ7",1,0
"TBC1D2B",3,0
"NOD2",1,0
"LOXHD1",0,0
"IGF2",4,1
"CD3D",0,0
"MYO5B",7,1
"STIM1",9,1
"PRRT2",3,1
"VKORC1",1,1
"CA4",0,0
"SMG8",1,1
"GPX4",0,0
"MVD",0,0
"CDT1",0,0
"TRAPPC2L",2,1
"ANKRD11",7,0
"RPL13",1,0
"KMT2D",2,1
"TUBA1A",1,1
"AQP2",2,0
"GPD1",0,0
"AXL",1,0
"ZNF526",0,0
"TRAPPC9",2,1
"NLRP7",1,0
"SPINT2",2,1
"YIF1B",0,0
"DNAAF3",2,1
"ATCAY",1,0
"EEF2",1,0
"SEMA6B",1,0
"NXN",3,0
"SERPINF2",1,0
"WDR81",1,0
"TRPV3",1,1
"KLK4",0,0
"KRT1",0,0
"ANGPTL4",1,0
"CD320",1,1
"NDUFV1",0,0
"HID1",1,0
"TMC8",1,1
"CYP7A1",0,0
"SOST",0,0
"ABCA3",2,1
"SDHAF2",2,1
"DDB1",1,1
"BEST1",1,1
"FTH1",1,1
"BSCL2",2,1
"C2CD3",2,1
"TTC21A",1,1
"RPSA",2,0
"CTNNB1",1,1
"FADD",1,0
"LTBP3",0,0
"SETD5",2,0
"RBPJ",0,0
"LMBRD1",2,0
"GLYCTK",3,1
"KCNV2",1,1
"IRF2BP2",1,0
"PTF1A",0,0
"FOXI1",0,0
"COA6",1,0
"KIF5C",1,0
"MGAT2",1,0
"MMADHC",1,0
"PDHB",0,0
"MPLKIP",0,0
"ACOX2",1,0
"SCN11A",1,0
"MFSD2A",1,0
"DTYMK",0,0
"TAP1",2,1
"RFWD3",0,0
"RHOH",0,0
"COG7",4,0
"CDC40",2,1
"SCNN1B",0,0
"HR",0,0
"TNXB",3,1
"LGI3",1,0
"SFTPC",1,1
"BMP1",1,0
"HJV",1,0
"MYL1",0,0
"TRAPPC11",2,0
"COL3A1",1,0
"SLC20A2",3,0
"STAT3",0,0
"ADAM9",1,0
"GDNF",0,0
"AXIN2",1,0
"VWA3B",2,0
"IL7R",0,0
"DNAJC21",0,0
"TET2",1,0
"TCTN2",1,0
"IL12A",1,0
"GFM1",1,0
"SFTPB",0,0
"MAT2A",0,0
"LETM1",0,0
"CEP120",1,0
"TM4SF20",0,0
"MFF",1,0
"CPLX1",0,0
"UQCRFS1",1,0
"COL4A3",1,0
"MAP2K1",5,1
"HNRNPH1",0,0
"IRS1",0,0
"MECP2",0,0
"ROR2",2,0
"AR",0,0
"CHST14",0,0
"CPT1C",0,0
"PCSK9",0,0
"MN1",0,0
"IL13",1,1
"RSPO1",0,0
"SH3TC2",2,0
"ADRB2",0,0
"HSPB3",0,0
"NR0B1",0,0
"IL1RAPL1",6,1
"P2RY12",1,1
"UMOD",0,0
"SLC33A1",0,0
"CRADD",4,0
"SIN3A",3,0
"ARL13B",3,1
"KCNK9",0,0
"SCN9A",2,0
"CCDC8",0,0
"ZEB2",3,0
"GJB1",0,0
"HINT1",1,1
"BNC1",1,0
"NFU1",0,0
"ANTXR1",3,0
"CKAP2L",1,1
"LUZP1",4,0
"DRD5",1,1
"BUB1",0,0
"AGPAT2",0,0
"ASPSCR1",0,0
"GP9",0,0
"CNBP",0,0
"DCXR",0,0
"RAC3",0,0
"NLGN1",3,0
"TAPT1",2,0
"UGP2",1,0
"LINGO1",3,0
"BTD",1,1
"TACR3",1,0
"ROBO1",4,0
"CTNND2",1,0
"WNT10B",0,0
"GUSB",0,0
"KLF13",1,0
"FRMPD4",4,0
"ZFPM2",5,1
"CHD3",2,1
"YWHAG",0,0
"SERPINA6",1,0
"NIPA1",2,1
"CHRNB1",1,1
"PDCD6IP",0,0
"MRAP",2,0
"FAM161A",0,0
"GLB1",3,0
"GON7",1,0
"CRTAP",0,0
"CNGB3",6,1
"UBB",1,0
"FOS",0,0
"EMX2",1,0
"SP7",0,0
"SEMA3E",1,0
"SDR9C7",0,0
"MGMT",3,0
"KRT86",5,1
"KRT6C",0,0
"KRT4",0,0
"KRT74",0,0
"KISS1",0,0
"KRT83",1,1
"ARL6IP1",1,1
"CDH2",1,0
"SIX2",0,0
"STAT2",1,0
"SLC26A5",4,1
"SGCD",2,0
"POLH",2,1
"LMOD2",0,0
"BFSP2",2,0
"FSHR",0,0
"CEL",0,0
"PPM1D",1,0
"TMEM43",1,0
"RNF139",0,0
"TSEN34",1,0
"TRH",0,0
"TANC2",6,0
"PKHD1",3,0
"CEACAM3",0,0
"HS6ST2",2,0
"ALK",4,0
"MTM1",0,0
"INSR",1,0
"NRTN",0,0
"JAGN1",0,0
"C1GALT1C1",0,0
"MUC7",0,0
"TMEM126A",0,0
"TMEM126B",0,0
"TRIM8",0,0
"GAA",0,0
"CANT1",0,0
"KCNK3",0,0
"CHST11",2,0
"EXOSC1",0,0
"CHD7",1,0
"ESCO2",3,1
"CLCN5",9,0
"KCND3",2,0
"KRT13",1,0
"KRT9",0,0
"MCC",2,0
"POLR1C",3,1
"ASXL1",0,0
"ETFDH",2,1
"NEUROD2",0,0
"ECEL1",0,0
"FGG",0,0
"FGA",0,0
"FGB",0,0
"DNAI2",2,0
"PIK3CD",4,1
"BPTF",3,0
"PLEKHG5",1,1
"ANO5",1,0
"GPHN",3,0
"CAMTA1",9,0
"PAH",2,1
"SPATA5L1",0,0
"GATM",0,0
"SYCE1",2,1
"BCL2",3,0
"CTPS1",0,0
"COL8A2",0,0
"TRAPPC12",1,0
"PTEN",3,1
"RPS7",1,0
"RNASEH1",2,1
"PRNP",0,0
"FRMD5",3,0
"ATPAF2",4,1
"CYP4F22",1,0
"JMJD1C",4,0
"RAB33B",0,0
"LAMB2",0,0
"KLF11",0,0
"SMN1",1,0
"EIF2AK3",2,0
"CYCS",0,0
"CCL11",0,0
"MALT1",3,0
"CLEC7A",0,0
"DPAGT1",1,0
"TP53RK",0,0
"BPGM",0,0
"ALG14",2,0
"GNB2",0,0
"CFAP53",0,0
"ARNT2",4,0
"MYOZ2",0,0
"CLP1",2,1
"RSPH9",1,1
"GTPBP2",1,1
"AGXT",0,0
"FIBP",1,1
"HCFC1",1,0
"NIPAL4",2,1
"PDE3A",3,1
"RASGRP1",3,0
"EFEMP2",1,1
"CYP7B1",1,0
"KRT2",0,0
"NADSYN1",1,0
"DHCR7",1,0
"NBEA",4,1
"RNASEH2C",1,0
"MYD88",0,0
"PHF8",0,0
"KAT5",1,1
"HPSE2",2,0
"RELA",0,0
"EVC2",0,0
"BNC2",4,0
"COQ2",0,0
"ADCY5",0,0
"VANGL1",0,0
"IQCB1",0,0
"C1QB",0,0
"C1QA",0,0
"NDNF",2,0
"DAG1",0,0
"DAB1",11,1
"ARV1",1,0
"NAA20",0,0
"SAA1",1,0
"MST1",3,1
"NABP1",0,0
"CHD2",1,0
"CEP83",3,1
"PC",3,0
"NMNAT1",4,0
"SLC19A1",1,1
"ADGRG2",0,0
"STAT5B",2,0
"CNP",1,0
"JUP",7,1
"RNF213",2,0
"CBX2",0,0
"SPTBN2",1,0
"RAX2",0,0
"TCAP",0,0
"NRROS",1,1
"CEP19",2,1
"KLHL15",0,0
"CTSF",0,0
"MSRB3",3,0
"LEMD3",0,0
"TRMT10C",0,0
"CTU2",1,1
"PIGG",0,0
"PRPF8",1,0
"ADCY6",2,0
"SLC6A19",0,0
"RALGAPA1",4,0
"LIG4",0,0
"TRHR",0,0
"ATP2A2",0,0
"CNTNAP2",1,0
"BBS1",2,1
"SLC26A9",1,0
"MYO1H",3,1
"KY",1,1
"SLCO2A1",0,0
"B4GAT1",0,0
"LEP",0,0
"SH3PXD2B",1,0
"LARP7",7,1
"RPL15",1,1
"HRAS",1,0
"SRP72",0,0
"ODAPH",0,0
"CEP135",0,0
"FZD4",1,1
"GLMN",1,1
"NDUFA11",3,1
"RSRC1",5,1
"CA5A",2,0
"KLC2",3,1
"ATR",2,0
"DSG4",2,0
"DES",1,0
"TRAF6",0,0
"MRPS22",6,1
"PACS1",1,0
"DDIT3",2,1
"PCCA",3,0
"NPPA",1,0
"ZNF408",0,0
"DOLK",1,1
"CATSPER1",0,0
"CST6",0,0
"PROP1",1,0
"BANF1",1,1
"CHRNA7",0,0
"PTPN2",2,0
"SMAD2",2,0
"EIF3F",1,1
"PCSK1",1,0
"LPL",0,0
"CLCF1",1,0
"PNLIP",0,0
"LIPT2",1,0
"KCNE3",2,0
"CABP4",1,1
"ALG10B",1,0
"UCP3",0,0
"UCP2",0,0
"ERCC4",2,0
"SUGCT",3,0
"TMEM70",2,0
"KDF1",0,0
"NR2F1",1,0
"TMEM270",0,0
"TSPEAR",21,1
"DOK7",0,0
"TUBB6",1,0
"B3GALT6",0,0
"TPRN",1,1
"FOXG1",0,0
"RTTN",0,0
"COX8A",1,0
"HSD11B2",2,0
"RIMS2",6,0
"VPS37D",0,0
"USF3",0,0
"LMNB2",1,1
"FOXC2",1,0
"BDNF",2,0
"ACSF3",1,1
"IRX5",0,0
"GRIN1",0,0
"SOX11",1,0
"TYMS",2,1
"ANKLE2",2,1
"SEC24C",0,0
"MTHFR",2,1
"DEAF1",3,1
"SIX5",2,0
"WDR73",0,0
"POLE",10,1
"SCN4B",0,0
"EPS8L2",3,1
"ANO6",1,0
"TALDO1",0,0
"RPS6KA3",0,0
"PUS1",1,0
"MAN1B1",1,0
"KCNA2",0,0
"TOP3A",2,0
"TIMM22",0,0
"HIC1",0,0
"SAMD9L",0,0
"TGIF1",2,0
"MIEF2",0,0
"CD19",1,1
"CAVIN1",0,0
"SLC25A22",0,0
"NHLH2",0,0
"TBL1XR1",3,0
"SAMD12",1,1
"PIDD1",1,1
"ACAD9",2,1
"IL17RA",1,1
"PNPLA2",1,1
"CD151",2,1
"FAM20C",1,0
"TMEM94",1,0
"FLII",1,1
"KCNJ10",2,0
"SVBP",1,1
"ARL6IP6",1,1
"RPS27",0,0
"DPY19L2",2,0
"ADAMTSL1",4,0
"IMPDH2",0,0
"NDUFAF3",2,1
"NDUFV2",3,0
"DALRD3",4,1
"SH2B1",1,0
"PLEC",1,0
"RNF212",1,0
"SLITRK1",0,0
"HTR1A",1,0
"GLDC",4,0
"COX14",1,1
"P4HTM",2,1
"AMBN",0,0
"SLC25A20",0,0
"CA8",0,0
"CD28",0,0
"ERBB4",4,0
"MAF",0,0
"GPR35",1,1
"SUZ12",1,0
"NSUN3",4,1
"THBD",0,0
"COX5A",0,0
"MPI",0,0
"OPLAH",1,0
"FOXE1",0,0
"CYBC1",1,0
"ZBTB7A",1,0
"TUFM",1,0
"CTC1",1,1
"TMEM107",1,0
"DPM3",0,0
"CYC1",0,0
"HES7",0,0
"FARSA",1,0
"CYP11B2",1,1
"ALOXE3",0,0
"EDC3",1,1
"FUCA1",0,0
"GGN",1,0
"CALR",1,0
"PTPN11",1,1
"HLA-DQB1",2,0
"GATA2",1,0
"PACS2",3,1
"VWA1",0,0
"GEMIN4",1,0
"MKRN3",1,0
"ZBTB18",0,0
"ALOX12B",1,0
"SLC17A8",1,0
"DNHD1",1,1
"CIITA",2,1
"ZBTB42",0,0
"LACC1",1,1
"ATOH7",0,0
"GIPC3",0,0
"NRXN1",5,0
"BBS10",0,0
"PUF60",1,0
"TSHZ1",0,0
"NKX2-6",0,0
"TH",0,0
"F2",0,0
"PRKRA",2,0
"PNPLA1",0,0
"ALX1",0,0
"FZD2",0,0
"PAK2",1,0
"MCFD2",2,1
"GAS1",0,0
"KCNE1",1,0
"NRIP1",2,0
"GSX2",1,1
"PRF1",0,0
"MAB21L1",1,1
"CXCR2",0,0
"GREM2",3,0
"SSR4",1,1
"D2HGDH",2,0
"FAM83H",1,0
"BBS12",0,0
"FKRP",2,1
"SLC25A42",0,0
"METTL23",1,1
"EHMT1",4,0
"NPM1",0,0
"DHTKD1",0,0
"POLR2A",0,0
"TMEM132E",0,0
"HEPHL1",1,0
"CFAP65",1,0
"SYNE4",1,0
"SOX2",1,0
"RNF135",3,0
"SGSH",2,1
"MAB21L2",1,0
"FANCB",0,0
"SETD2",1,0
"TMIE",0,0
"MRPS23",0,0
"TNFSF15",1,0
"GPR88",0,0
"PLAG1",0,0
"ZBTB20",7,0
"ACTL9",0,0
"SLC35C1",0,0
"IBA57",0,0
"SNRPE",0,0
"USH1G",0,0
"IDH2",0,0
"NOP10",0,0
"ERCC6L2",3,1
"TSEN54",0,0
"MRPS16",3,1
"CRYGB",0,0
"EXT1",0,0
"SHMT2",1,1
"ATP6AP2",0,0
"KCNA4",0,0
"AP1S2",0,0
"C1S",4,1
"CLN8",1,0
"CACNB4",1,0
"TRAPPC6B",1,0
"KCNK4",2,0
"EXOC7",1,1
"BGN",1,1
"GLRX5",2,0
"CAV3",4,1
"SATB1",2,1
"CSF1R",2,0
"TRAK1",3,0
"PLCB1",5,0
"NDN",0,0
"MAFA",0,0
"ALG12",1,1
"LCK",0,0
"COL18A1",3,1
"RBM10",2,1
"GLUD2",0,0
"RPL35A",1,1
"CEP63",2,1
"EWSR1",1,1
"PYCR1",3,1
"SPNS2",2,1
"SLC25A21",6,1
"ABAT",4,1
"SLC25A10",2,1
"NKX2-5",0,0
"NEB",1,1
"GPC6",5,0
"CHST6",1,0
"CTNNA3",5,1
"DDX41",0,0
"CCBE1",4,0
"REC114",2,1
"BCOR",0,0
"RIPK4",1,0
"LRIT3",0,0
"GRIN2A",2,0
"COA5",0,0
"ZNRF3",2,1
"TANGO2",3,0
"SFXN4",0,0
"DGCR6",1,0
"RP1L1",3,1
"NOG",0,0
"OPCML",5,0
"FIGLA",0,0
"TBK1",0,0
"KREMEN1",2,1
"TRAIP",0,0
"CHEK2",1,1
"FOXL2",0,0
"TUBA8",1,1
"KIRREL1",1,0
"SCN5A",0,0
"ARSI",0,0
"DNAH2",1,0
"SH2D1A",1,1
"COA3",1,1
"ACTG1",3,0
"DENND5A",1,0
"DIABLO",2,1
"VPS33B",0,0
"TBX1",1,1
"CNTN2",1,0
"LRTOMT",4,1
"KCNQ3",0,0
"IRAK1",1,0
"ALDH1A3",3,1
"TACSTD2",0,0
"SIX6",1,1
"PRKD1",6,0
"GDF3",0,0
"COLEC10",1,0
"PLA2G6",1,1
"COPB2",2,1
"TXNRD2",2,1
"PROS1",1,0
"NUTM1",0,0
"SLITRK6",0,0
"MED12",1,0
"AMER1",0,0
"ATL3",2,0
"NDUFA12",0,0
"SRY",0,0
"CLCNKB",0,0
"JAG2",1,0
"WT1",1,0
"USP18",0,0
"NDUFA6",1,0
"DGAT1",0,0
"RFX6",0,0
"ROBO2",5,0
"F8",7,1
"BRF1",2,1
"CIB1",1,1
"NELFA",1,0
"NSMCE3",1,0
"PURA",1,0
"MC2R",0,0
"RAB11B",1,0
"GP1BA",0,0
"KIAA0825",7,1
"SFTPA2",0,0
"SCN10A",0,0
"CDK10",2,0
"SOCS1",1,1
"TCN2",1,1
"ATP6V0A2",1,0
"PRKN",3,1
"RAD51D",1,1
"KRT6B",0,0
"STAC3",2,1
"ROR1",5,0
"MUC1",1,1
"IRF7",1,0
"BRCC3",1,1
"PDE6G",0,0
"PRKG1",9,1
"NR2F2",2,1
"DLK1",0,0
"P4HB",1,1
"PBX1",4,0
"ANKFY1",5,1
"KCNQ5",6,0
"SLC52A2",3,1
"PIGP",0,0
"IKZF1",0,0
"PCYT2",2,1
"NAT8L",0,0
"NPAP1",0,0
"BCAP31",0,0
"POMK",0,0
"KLHDC8B",0,0
"PTCH1",3,0
"RNPC3",1,1
"IRS2",1,0
"SHOX",0,0
"BICD2",0,0
"TMLHE",1,0
"GRK1",1,0
"TAL2",0,0
"KRT5",0,0
"CYP2R1",0,0
"PIP5K1C",1,0
"WWOX",11,1
"POLR1D",0,0
"EDARADD",1,0
"SLC51B",1,0
"GABRA5",1,1
"SLC36A2",1,0
"KRT10",1,0
"GLDN",2,1
"TRDN",1,0
"KRT3",0,0
"RPS23",1,1
"PCLO",1,0
"MYT1L",2,1
"TMEM222",2,0
"CLCNKA",1,1
"NF2",1,1
"HPDL",0,0
"PDE2A",3,0
"LYRM7",1,1
"BCR",3,1
"FSCN2",0,0
"FOXE3",0,0
"TNFRSF4",0,0
"KRT16",0,0
"KRT14",0,0
"PDZD7",1,1
"MAPT",3,1
"FGF3",0,0
"RHD",2,1
"ESPN",3,0
"TMPRSS6",1,0
"TMEM216",0,0
"TEAD1",4,1
"PLCD1",1,0
"MITF",2,0
"FOXD3",1,0
"RNF220",2,1
"DYNC2H1",8,0
"KRT12",1,0
"EPOR",1,0
"CIDEC",0,0
"DCC",3,0
"MAGI2",10,0
"CHP1",0,0
"KCNJ11",0,0
"COL4A1",1,1
"IFT140",5,1
"CYP26C1",0,0
"USP7",1,0
"NHLRC1",0,0
"TET3",0,0
"ISG15",0,0
"MYMK",0,0
"B3GLCT",1,0
"SPRY4",1,0
"AMTN",0,0
"SLC18A3",1,1
"THSD4",7,1
"DNAJB13",1,0
"GABRD",0,0
"NHEJ1",2,1
"FANCA",1,1
"SECISBP2",0,0
"SEMA4D",3,0
"LIN28B",1,0
"DNAH17",6,1
"FANCM",0,0
"CARD9",1,1
"P2RX2",0,0
"COL14A1",0,0
"UBQLN2",0,0
"RILPL1",1,1
"CLCN1",0,0
"MESP2",0,0
"EYS",12,1
"DAZ1",0,0
"COL4A5",1,0
"AGRN",1,0
"NHS",4,0
"OTOG",0,0
"PRKAR1B",4,0
"TUBB4B",1,1
"PLA2G2A",0,0
"SLC38A3",0,0
"FOCAD",4,1
"ZP3",1,1
"PDCD1",1,0
"CHM",2,0
"BLOC1S5",2,1
"CERKL",1,1
"SLC24A5",1,0
"COL25A1",0,0
"HBA2",0,0
"CLN3",3,1
"NANOS1",0,0
"DPYD",7,0
"RHCE",3,1
"UROS",1,0
"ZDHHC9",1,0
"FSIP2",2,0
"ADRB3",0,0
"SLX4",1,0
"ASTL",0,0
"LRRK2",2,0
"GJB3",2,1
"NYX",1,0
"ZNF292",1,0
"NDUFA4",0,0
"RELN",2,0
"FAM111B",0,0
"LITAF",0,0
"ARID2",2,0
"SP6",0,0
"MAOA",0,0
"TSPYL1",1,1
"RRP7A",1,0
"MMP23B",1,1
"GJB4",2,1
"SYCP2",0,0
"MYBPC1",1,0
"ZNF699",1,0
"TDRD7",0,0
"HLA-DRB1",0,0
"PLEKHG4",1,0
"FAT4",1,0
"ACADSB",0,0
"TMEM63A",2,1
"SEMA4A",0,0
"RYR1",2,0
"TUBB",0,0
"XPNPEP3",4,1
"GTF2IRD2",1,0
"GRM7",5,0
"ATP2A1",3,0
"GIMAP5",3,1
"NLGN3",0,0
"CD55",0,0
"NTNG2",1,0
"LONP1",1,1
"TRRAP",4,0
"PTPN1",3,1
"EPHB4",2,1
"PRTN3",1,0
"CRYBA4",0,0
"YRDC",1,1
"TRAPPC2",0,0
"FGF16",0,0
"SIAH1",5,1
"GDAP2",0,0
"ANAPC7",1,0
"TPK1",1,0
"SLC6A9",1,1
"MME",1,0
"CACNA1H",4,1
"HBG2",33,1
"LAMA2",4,0
"XRCC2",0,0
"MYO6",3,0
"MMP1",1,0
"ADH1B",0,0
"TCF4",4,0
"TRAPPC4",3,1
"SLC30A10",1,0
"TECPR2",1,0
"TLR7",0,0
"NF1",7,1
"HLA-DQA1",0,0
"COL27A1",1,0
"GM2A",1,1
"POU3F4",0,0
"CHRNG",0,0
"ADA",1,1
"NHLRC2",1,0
"SCN8A",2,0
"LAMB3",1,0
"FLNA",0,0
"SRGAP1",7,0
"LAGE3",0,0
"WDR45",3,1
"IGF2R",3,0
"DYNC1H1",2,0
"SLC6A17",2,0
"PGAP1",0,0
"SRC",0,0
"PSMD12",0,0
"SLC22A4",2,1
"SERPINA1",1,0
"KANK2",0,0
"GTF2E2",4,1
"RAD54B",1,0
"SYNGAP1",1,0
"FITM2",0,0
"BLM",1,0
"SVIL",6,0
"SLC22A5",1,0
"ADARB1",3,1
"HTT",0,0
"OGDHL",0,0
"COL13A1",2,0
"SLC2A10",0,0
"MYO5A",1,1
"ATG7",4,1
"ELANE",1,0
"PIGN",0,0
"COL4A6",2,1
"TOPORS",3,0
"ENPP1",3,0
"FAR1",3,0
"CPLANE1",1,0
"MFAP5",1,0
"MYH6",1,0
"DNAH10",1,0
"SPTAN1",1,1
"RPS26",0,0
"PSAP",1,0
"CFAP43",1,0
"LHFPL5",1,1
"CFD",1,0
"TAF13",0,0
"ATAD3A",0,0
"OCLN",4,0
"GPAA1",0,0
"ADAMTSL2",0,0
"ADH5",0,0
"SPG7",2,1
"PLCG2",1,0
"VPS13A",1,0
"IRAK4",0,0
"ZNF335",0,0
"PRIM1",2,1
"CD2AP",2,0
"HIBCH",2,1
"DDRGK1",0,0
"SZT2",2,1
"CACNA1E",1,0
"QRICH1",1,0
"CSF2RA",6,0
"SLC29A3",1,0
"CARD11",2,1
"HYLS1",1,1
"MYL4",1,0
"ASPH",3,1
"SPRED2",1,0
"GFPT1",1,0
"NTRK1",2,1
"TPM2",0,0
"ATL1",3,1
"CNGA1",2,1
"PLN",1,1
"CTNND1",2,1
"SLC34A3",0,0
"RD3",1,0
"LRBA",6,1
"AKR1C4",3,1
"MDM4",2,0
"RYR2",3,0
"KLHL9",0,0
"TAT",1,0
"CALM1",1,0
"PAPSS2",1,0
"SLC9A6",0,0
"FAN1",2,1
"ABCA4",0,0
"CEP290",3,1
"TOGARAM1",1,1
"DLL1",1,0
"SMOC1",1,0
"F5",0,0
"CDC42BPB",3,1
"EPS8L3",2,1
"MTOR",5,1
"LRIG2",1,0
"PNP",1,0
"PAX9",2,1
"GK",3,1
"CD247",1,0
"CHAMP1",0,0
"GJC2",0,0
"OPA1",2,0
"CES1",0,0
"CD3E",0,0
"RUSC2",2,0
"TSEN15",0,0
"L1CAM",3,1
"POU3F3",1,0
"KIAA0753",2,1
"NOS1AP",7,1
"APRT",0,0
"DMD",10,0
"NAGA",1,1
"RORB",1,0
"INF2",1,0
"COX20",1,0
"FCGR3A",6,1
"HSD3B2",0,0
"RBM20",2,0
"RIPPLY2",0,0
"GDI1",0,0
"SOX18",1,1
"KHDC3L",0,0
"LIPN",0,0
"MAFB",0,0
"TRAF3IP1",0,0
"GIGYF2",6,1
"DAXX",0,0
"BMPR2",2,0
"COL11A2",0,0
"COL5A2",2,0
"PSMB8",2,1
"TAP2",0,0
"HLA-DRA",0,0
"BTNL2",0,0
"PJVK",2,1
"SDHD",2,1
"SLC44A4",0,0
"NEU1",0,0
"MBD5",3,1
"MSH5",1,1
"MPIG6B",2,1
"ABHD16A",3,1
"CSNK2B",3,1
"NFKBIL1",0,0
"HLA-C",0,0
"CDSN",1,1
"DHX16",1,1
"HLA-G",1,1
"ZFP57",0,0
"MOG",0,0
"ATXN2",3,0
"DCTN1",2,1
"TCTN1",3,0
"KRT25",0,0
"GRXCR2",0,0
"PRSS1",1,0
"TMEM231",2,1
"TMEM240",0,0
"SDHAF1",0,0
"LGR4",1,0
"PSMB10",1,1
"ADGRG1",1,0
"CFI",0,0
"SAMD9",0,0
"KRT6A",0,0
"KRT81",1,1
"SMN2",1,0
"TECRL",1,0
"BHLHA9",0,0
"DAZ2",0,0
"DNAJC19",1,0
"IFITM5",0,0
"HBA1",0,0
"ATP10A",3,0
"HLA-A",1,0
"CFAP44",3,1
"TRIM71",0,0
"COLQ",2,0
"DIO1",0,0
"NUP62",3,1
"CFAP45",2,1
"CRYGS",1,1
"NRAS",0,0
"CHUK",2,1
"COG8",6,1
"LCAT",2,1
"ARL2",1,1
"SRA1",4,1
"TMX2",2,0
"NDUFS3",5,1
"PPP1CB",1,0
"LAT",2,0
"RPS29",5,1
"EMP2",2,0
"DNASE1",3,1
"IRF9",1,1
"GALT",2,1
"HBG1",0,0
"CLDN9",0,0
"NAXD",1,0
"WEE2",2,0
"LYRM4",2,0
"PRCD",3,1
"ALG3",2,1
"ANG",4,1
"BBIP1",2,1
"ZSWIM7",1,1
"PEX26",4,1
"GRXCR1",0,0
"DDX3X",1,0
"VPS16",2,1
"ZNF407",1,0
"HMX1",1,0
"GCGR",0,0
"FNIP1",1,1
"PAM16",1,0
"TENM3",7,0
"FANCG",0,0
"AP4M1",2,1
"HBD",0,0
"CERS1",2,0
"HLA-DPB1",3,1
"C4B",1,0
"NDUFAF8",0,0
"PLEKHM1",1,0
"ZNF469",0,0
"ERCC6",3,1
"NTF4",3,1
"DHFR",3,1
"PATL2",1,0
"PET100",2,1
"HLA-DPA1",3,0
"CYP21A2",1,0
"TAPBP",0,0
"TNF",0,0
"PET117",1,1
"GPX1",0,0
"TWIST2",0,0
"RPS28",3,1
"RBMY1A1",2,1
"KBTBD13",0,0
"MCIDAS",0,0
"JRK",1,0
"HLA-B",1,0
"APOC2",1,0
"SLFN14",1,0
"PRSS56",0,0
"IRGM",1,1
"KLHL41",2,1
"TNFSF12",2,1
"ADSL",1,0
"PSMB9",4,1
"TNFRSF13B",1,0
"TDGF1",2,1
"SSX2",0,0
"ARPC4",4,1
"PISD",1,1
"HOGA1",3,1
"PI4KA",3,1
"AMACR",2,0
"AP5Z1",1,0
"STRC",12,1
"KCTD7",5,0
"IL10RB",1,1
"CFB",1,1
"ACY1",3,1
"NFS1",5,1
"DDOST",1,0
"TMEM199",6,1
"P2RY11",3,1
"CFHR1",1,1
"SCARF2",1,1
"ASPRV1",1,0
"C4A",2,1
"HBB",0,0
"CRYBB2",0,0
"CEBPA",3,0
"MARS2",1,1
"INSL3",0,0
"ADH1C",0,0
"TERB1",0,0
"CHCHD10",2,1
"SHANK3",1,0
"ALG11",1,1
"PRKDC",2,0
"MAGEL2",1,0
"INS",1,1
"RTL1",4,0
"CYP2A6",1,1
"DNAAF4",3,1
"HMBS",0,0
"POLG2",1,0
"GATC",2,1
"CUX1",7,1
"RTEL1",2,1
"MC1R",4,0
"TUBB3",2,1
"TSPY1",2,1
"ITGB3",4,1
"GH1",1,1
"FRRS1L",0,0
"GAN",1,0
"MYMX",0,0
"STRADA",1,1
"S1PR2",2,1
"GTF2H5",1,0
"KMT2B",1,0
"GRIN2B",1,0
